"label","mRNA","methy","GNNExplainer"
"MGAT3","10.648699760437","-0.158000007271767","0.86"
"MGAT4B","11.3529996871948","0.346799999475479","0.87"
"MGAT5","8.44849967956543","0.389400005340576","0.15"
"MGAT5B","3.33610010147095","-0.344900012016296","0.13"
