"label","mRNA","methy","GNNExplainer"
"MGAT3","6.41029977798462","0.00860000029206276","0.15"
"MGAT4B","12.4152002334595","0.376800000667572","0.14"
"MGAT5","4.66919994354248","0.453599989414215","0.13"
"MGAT5B","5.22690010070801","-0.318899989128113","0.15"
