"label","mRNA","methy","GNNExplainer"
"MGAT3","5.36359977722168","-0.298000007867813","0.14"
"MGAT4B","9.08950042724609","0.349000006914139","0.16"
"MGAT5","0","0.278800010681152","0.14"
"MGAT5B","4.96019983291626","-0.273900002241135","0.14"
