"label","mRNA","methy","GNNExplainer"
"MGAT3","5.75649976730347","0.279199987649918","0.14"
"MGAT4B","11.4443998336792","0.326700001955032","0.14"
"MGAT5","7.81899976730347","0.25780001282692","0.14"
"MGAT5B","2.28920006752014","-0.245299994945526","0.15"
