"label","mRNA","methy","GNNExplainer"
"MGAT3","7.04029989242554","0.261599987745285","0.13"
"MGAT4B","10.8866996765137","0.378899991512299","0.15"
"MGAT5","8.8189001083374","0.322400003671646","0.14"
"MGAT5B","7.06069993972778","-0.418500006198883","0.15"
