"label","mRNA","methy","GNNExplainer"
"MGAT3","9.59850025177002","-0.196700006723404","0.87"
"MGAT4B","11.0160999298096","0.370599985122681","0.86"
"MGAT5","8.66219997406006","0.299299985170364","0.16"
"MGAT5B","4.47230005264282","-0.385600000619888","0.13"
