"label","mRNA","methy","GNNExplainer"
"MGAT3","11.3996000289917","-0.0872000008821487","0.86"
"MGAT4B","12.7763004302979","0.390899986028671","0.86"
"MGAT5","6.13880014419556","0.422300010919571","0.14"
"MGAT5B","0.994400024414062","-0.307900011539459","0.15"
