"label","mRNA","methy","GNNExplainer"
"MGAT3","10.878999710083","-0.309599995613098","0.86"
"MGAT4B","11.0900001525879","0.38629999756813","0.84"
"MGAT5","9.38020038604736","0.323000013828278","0.14"
"MGAT5B","4.75850009918213","-0.374599993228912","0.16"
