"label","mRNA","methy","GNNExplainer"
"MGAT3","9.65250015258789","-0.188400000333786","0.87"
"MGAT4B","11.7621002197266","0.390100002288818","0.85"
"MGAT5","7.45690011978149","0.361900001764297","0.12"
"MGAT5B","3.44180011749268","-0.101999998092651","0.14"
