"label","mRNA","methy","GNNExplainer"
"MGAT3","10.6978998184204","-0.2567999958992","0.85"
"MGAT4B","11.5186004638672","0.404300004243851","0.87"
"MGAT5","8.07219982147217","0.416000008583069","0.16"
"MGAT5B","2.53309988975525","-0.417800009250641","0.14"
