"label","mRNA","methy","GNNExplainer"
"MGAT3","9.08399963378906","-0.422800004482269","0.88"
"MGAT4B","10.3882999420166","0.391299992799759","0.87"
"MGAT5","5.74440002441406","0.374900013208389","0.13"
"MGAT5B","3.43409991264343","-0.200499996542931","0.14"
