"label","mRNA","methy","GNNExplainer"
"MGAT3","9.74030017852783","-0.190799996256828","0.87"
"MGAT4B","10.6674995422363","0.407999992370605","0.86"
"MGAT5","9.23840045928955","0.180000007152557","0.13"
"MGAT5B","3.19589996337891","-0.389400005340576","0.15"
