"label","mRNA","methy","GNNExplainer"
"MGAT3","9.20680046081543","-0.113200001418591","0.88"
"MGAT4B","11.1977996826172","0.390100002288818","0.86"
"MGAT5","7.90339994430542","0.412600010633469","0.13"
"MGAT5B","4.58489990234375","-0.124600000679493","0.14"
