"label","mRNA","methy","GNNExplainer"
"MGAT3","8.36250019073486","-0.0443999990820885","0.89"
"MGAT4B","12.1302003860474","0.392599999904633","0.86"
"MGAT5","8.81029987335205","0.330199986696243","0.14"
"MGAT5B","2.63420009613037","-0.268299996852875","0.14"
