"label","mRNA","methy","GNNExplainer"
"MGAT3","5.86310005187988","0.297399997711182","0.15"
"MGAT4B","9.99989986419678","0.456000000238419","0.13"
"MGAT5","6.98530006408691","0.315200001001358","0.15"
"MGAT5B","2.13330006599426","-0.0160000007599592","0.13"
