"label","mRNA","methy","GNNExplainer"
"MGAT3","6.54500007629395","0.178399994969368","0.15"
"MGAT4B","10.770299911499","0.408199995756149","0.14"
"MGAT5","6.6862998008728","0.30019998550415","0.15"
"MGAT5B","4.79899978637695","-0.0822999998927116","0.15"
