"label","mRNA","methy","GNNExplainer"
"MGAT3","5.61380004882812","0.229499995708466","0.13"
"MGAT4B","11.0221996307373","0.433499991893768","0.15"
"MGAT5","8.48709964752197","0.385399997234344","0.14"
"MGAT5B","5.4293999671936","-0.130899995565414","0.15"
