"label","mRNA","methy","GNNExplainer"
"MGAT3","5.61119985580444","0.239199995994568","0.13"
"MGAT4B","10.1815996170044","0.445499986410141","0.14"
"MGAT5","8.62679958343506","0.39070001244545","0.14"
"MGAT5B","3.08730006217957","-0.368999987840652","0.12"
