"label","mRNA","methy","GNNExplainer"
"MGAT3","9.34669971466064","-0.136899992823601","0.88"
"MGAT4B","11.7138004302979","0.372099995613098","0.84"
"MGAT5","6.58129978179932","0.351799994707108","0.14"
"MGAT5B","3.56970000267029","-0.224500000476837","0.14"
