"label","mRNA","methy","GNNExplainer"
"MGAT3","5.68069982528687","-0.425000011920929","0.14"
"MGAT4B","10.9617004394531","0.257299989461899","0.15"
"MGAT5","6.85290002822876","0.25220000743866","0.14"
"MGAT5B","4.92059993743896","-0.110399998724461","0.15"
