"label","mRNA","methy","GNNExplainer"
"MGAT3","8.21730041503906","-0.1199000030756","0.89"
"MGAT4B","11.6767997741699","0.0659999996423721","0.85"
"MGAT5","7.79010009765625","0.0658999979496002","0.14"
"MGAT5B","1.7956999540329","-0.271800011396408","0.15"
