"label","mRNA","methy","GNNExplainer"
"MGAT3","9.02950000762939","0.320699989795685","0.9"
"MGAT4B","10.916600227356","0.413700014352798","0.85"
"MGAT5","9.03229999542236","0.404300004243851","0.13"
"MGAT5B","4.0858998298645","-0.32370001077652","0.14"
