"label","mRNA","methy","GNNExplainer"
"MGAT3","5.70009994506836","0.329899996519089","0.15"
"MGAT4B","10.1667995452881","0.446700006723404","0.14"
"MGAT5","7.65420007705688","0.355300009250641","0.13"
"MGAT5B","4.01090002059937","-0.430200010538101","0.14"
