"label","mRNA","methy","GNNExplainer"
"MGAT3","9.07759952545166","-0.397199988365173","0.88"
"MGAT4B","10.9378995895386","0.415399998426437","0.87"
"MGAT5","8.75080013275146","0.373199999332428","0.16"
"MGAT5B","3.26900005340576","-0.414200007915497","0.13"
