"label","mRNA","methy","GNNExplainer"
"MGAT3","5.91820001602173","0.312799990177155","0.16"
"MGAT4B","11.1107997894287","0.436599999666214","0.14"
"MGAT5","7.94199991226196","0.43299999833107","0.14"
"MGAT5B","6.21280002593994","-0.0496999993920326","0.14"
