"label","mRNA","methy","GNNExplainer"
"MGAT3","7.75519990921021","-0.347600013017654","0.9"
"MGAT4B","11.4523000717163","0.405099987983704","0.79"
"MGAT5","8.92759990692139","0.293000012636185","0.13"
"MGAT5B","3.00550007820129","-0.347699999809265","0.14"
