"label","mRNA","methy","GNNExplainer"
"MGAT3","10.9703998565674","-0.187600001692772","0.87"
"MGAT4B","11.8278999328613","0.4307000041008","0.85"
"MGAT5","6.83729982376099","0.421999990940094","0.14"
"MGAT5B","4.46070003509521","-0.044599998742342","0.14"
