"label","mRNA","methy","GNNExplainer"
"MGAT3","9.40359973907471","-0.298000007867813","0.87"
"MGAT4B","11.5443000793457","0.41499999165535","0.87"
"MGAT5","3.53189992904663","0.413800001144409","0.16"
"MGAT5B","2.75780010223389","-0.372599989175797","0.15"
