"label","mRNA","methy","GNNExplainer"
"MGAT3","7.01249980926514","0.0747999995946884","0.14"
"MGAT4B","12.5159997940063","0.398099988698959","0.14"
"MGAT5","5.41330003738403","0.417899996042252","0.15"
"MGAT5B","3.85439991950989","-0.17679999768734","0.13"
