"label","mRNA","methy","GNNExplainer"
"MGAT3","5.10860013961792","-0.482800006866455","0.15"
"MGAT4B","11.0879001617432","-0.102399997413158","0.17"
"MGAT5","7.28259992599487","0.269800007343292","0.13"
"MGAT5B","1.79219996929169","-0.273400008678436","0.14"
