"label","mRNA","methy","GNNExplainer"
"MGAT3","10.730899810791","-0.0892999991774559","0.85"
"MGAT4B","11.210000038147","0.413399994373322","0.85"
"MGAT5","7.0528998374939","0.415399998426437","0.15"
"MGAT5B","4.208899974823","-0.165500000119209","0.15"
