"label","mRNA","methy","GNNExplainer"
"MGAT3","7.76429986953735","-0.0984999984502792","0.91"
"MGAT4B","11.9413995742798","0.395999997854233","0.8"
"MGAT5","8.50629997253418","0.295300006866455","0.15"
"MGAT5B","3.51379990577698","-0.180299997329712","0.16"
