"label","mRNA","methy","GNNExplainer"
"MGAT3","10.3968000411987","-0.432700008153915","0.88"
"MGAT4B","10.9488000869751","0.399100005626678","0.82"
"MGAT5","8.28310012817383","0.379400014877319","0.13"
"MGAT5B","2.58310008049011","-0.412699997425079","0.14"
