"label","mRNA","methy","GNNExplainer"
"MGAT3","6.32609987258911","0.431400001049042","0.14"
"MGAT4B","11.8170003890991","0.411799997091293","0.13"
"MGAT5","7.97919988632202","0.433400005102158","0.14"
"MGAT5B","3.37409996986389","-0.303700000047684","0.15"
