"label","mRNA","methy","GNNExplainer"
"MGAT3","7.9362998008728","-0.153400003910065","0.9"
"MGAT4B","11.2102003097534","0.430099993944168","0.86"
"MGAT5","8.78559970855713","0.321900010108948","0.14"
"MGAT5B","4.167799949646","-0.321700006723404","0.14"
