"label","mRNA","methy","GNNExplainer"
"MGAT3","10.2908000946045","-0.121200002729893","0.86"
"MGAT4B","10.8185997009277","0.392800003290176","0.87"
"MGAT5","8.8144998550415","0.214000001549721","0.14"
"MGAT5B","4.46129989624023","-0.346599996089935","0.14"
