"label","mRNA","methy","GNNExplainer"
"MGAT3","8.12790012359619","0.158700004220009","0.91"
"MGAT4B","10.9488000869751","0.26129999756813","0.79"
"MGAT5","6.30179977416992","0.37720000743866","0.14"
"MGAT5B","3.77999997138977","-0.293300002813339","0.13"
