"label","mRNA","methy","GNNExplainer"
"MGAT3","6.6907000541687","0.0020000000949949","0.14"
"MGAT4B","12.0079002380371","0.405099987983704","0.13"
"MGAT5","8.2943000793457","0.403499990701675","0.13"
"MGAT5B","2.06550002098083","-0.101800002157688","0.14"
