"label","mRNA","methy","GNNExplainer"
"MGAT3","8.37510013580322","0.18299999833107","0.9"
"MGAT4B","11.0577001571655","0.290100008249283","0.87"
"MGAT5","8.26959991455078","0.38280001282692","0.15"
"MGAT5B","3.17479991912842","-0.204799994826317","0.15"
