"label","mRNA","methy","GNNExplainer"
"MGAT3","10.8374004364014","-0.462900012731552","0.86"
"MGAT4B","12.0761003494263","0.0625","0.87"
"MGAT5","8.58139991760254","0.0489000007510185","0.13"
"MGAT5B","4.06389999389648","-0.270500004291534","0.13"
