"label","mRNA","methy","GNNExplainer"
"MGAT3","9.11779975891113","-0.35809999704361","0.88"
"MGAT4B","10.8521003723145","0.319900006055832","0.87"
"MGAT5","4.68230009078979","0.317900002002716","0.12"
"MGAT5B","3.93409991264343","-0.389299988746643","0.16"
