"label","mRNA","methy","GNNExplainer"
"MGAT3","5.95060014724731","0.248099997639656","0.15"
"MGAT4B","10.7854995727539","0.447699993848801","0.14"
"MGAT5","6.98369979858398","0.350199997425079","0.14"
"MGAT5B","5.59469985961914","-0.105800002813339","0.15"
