"label","mRNA","methy","GNNExplainer"
"MGAT3","5.83400011062622","0.014299999922514","0.14"
"MGAT4B","11.6633996963501","0.025900000706315","0.14"
"MGAT5","8.18690013885498","0.195999994874001","0.14"
"MGAT5B","2.81170010566711","-0.223399996757507","0.14"
