"label","mRNA","methy","GNNExplainer"
"MGAT3","5.87470006942749","0.172999992966652","0.14"
"MGAT4B","10.6374998092651","0.413800001144409","0.14"
"MGAT5","1.56319999694824","0.320499986410141","0.15"
"MGAT5B","3.55489993095398","-0.354900002479553","0.13"
