"label","mRNA","methy","GNNExplainer"
"MGAT3","11.1050996780396","-0.314200013875961","0.86"
"MGAT4B","11.483699798584","0.417600005865097","0.87"
"MGAT5","7.76289987564087","0.428700000047684","0.14"
"MGAT5B","2.69840002059937","0.0785999968647957","0.14"
