"label","mRNA","methy","GNNExplainer"
"MGAT3","5.4903998374939","-0.431199997663498","0.15"
"MGAT4B","10.8662004470825","0.381900012493134","0.13"
"MGAT5","10.5235996246338","0.428999990224838","0.15"
"MGAT5B","3.3206000328064","-0.254700005054474","0.16"
