"label","mRNA","methy","GNNExplainer"
"MGAT3","6.93889999389648","0.106100000441074","0.14"
"MGAT4B","10.7238998413086","0.350499987602234","0.14"
"MGAT5","8.68360042572021","0.318399995565414","0.15"
"MGAT5B","4.35050010681152","-0.222800001502037","0.13"
