"label","mRNA","methy","GNNExplainer"
"MGAT3","6.9338002204895","-0.0953999981284142","0.14"
"MGAT4B","11.0124998092651","0.375200003385544","0.14"
"MGAT5","7.86759996414185","0.421700000762939","0.15"
"MGAT5B","3.45510005950928","-0.353399991989136","0.14"
