"label","mRNA","methy","GNNExplainer"
"MGAT3","8.40069961547852","0.329100012779236","0.9"
"MGAT4B","11.1789999008179","0.413100004196167","0.86"
"MGAT5","8.26850032806396","0.398200005292892","0.15"
"MGAT5B","3.00219988822937","-0.265500009059906","0.14"
