"label","mRNA","methy","GNNExplainer"
"MGAT3","6.0447998046875","0.214900001883507","0.13"
"MGAT4B","10.9576997756958","0.316900014877319","0.15"
"MGAT5","7.33699989318848","0.292800009250641","0.15"
"MGAT5B","2.67440009117126","-0.1875","0.14"
