"label","mRNA","methy","GNNExplainer"
"MGAT3","9.11139965057373","-0.19990000128746","0.87"
"MGAT4B","11.3231000900269","0.408100008964539","0.85"
"MGAT5","7.85900020599365","0.41839998960495","0.13"
"MGAT5B","2.48830008506775","0.0860000029206276","0.15"
