"label","mRNA","methy","GNNExplainer"
"MGAT3","7.5625","0.217800006270409","0.15"
"MGAT4B","10.8810997009277","0.392599999904633","0.14"
"MGAT5","7.01210021972656","0.282400012016296","0.15"
"MGAT5B","2.707200050354","-0.335900008678436","0.13"
