"label","mRNA","methy","GNNExplainer"
"MGAT3","9.10770034790039","0.031300000846386","0.88"
"MGAT4B","11.2555999755859","0.400400012731552","0.87"
"MGAT5","9.28759956359863","0.368000000715256","0.15"
"MGAT5B","2.32480001449585","-0.376599997282028","0.13"
