"label","mRNA","methy","GNNExplainer"
"MGAT3","6.84749984741211","0.303200006484985","0.14"
"MGAT4B","12.0136995315552","0.275099992752075","0.15"
"MGAT5","7.34200000762939","0.440499991178513","0.16"
"MGAT5B","2.95830011367798","-0.131600007414818","0.15"
