"label","mRNA","methy","GNNExplainer"
"MGAT3","6.18470001220703","0.23199999332428","0.14"
"MGAT4B","10.4507999420166","0.435400009155273","0.15"
"MGAT5","7.14890003204346","0.354299992322922","0.14"
"MGAT5B","5.95240020751953","-0.391099989414215","0.14"
