"label","mRNA","methy","GNNExplainer"
"MGAT3","5.88929986953735","0.137799993157387","0.16"
"MGAT4B","11.450400352478","-0.191200003027916","0.15"
"MGAT5","6.27820014953613","0.0961999967694283","0.14"
"MGAT5B","3.37470006942749","-0.433899998664856","0.16"
