"label","mRNA","methy","GNNExplainer"
"MGAT3","9.48349952697754","-0.22859999537468","0.87"
"MGAT4B","10.9917001724243","0.404000014066696","0.88"
"MGAT5","8.52480030059814","0.163399994373322","0.12"
"MGAT5B","4.68660020828247","-0.357600003480911","0.14"
