"label","mRNA","methy","GNNExplainer"
"MGAT3","5.92969989776611","0.340200006961823","0.14"
"MGAT4B","10.0424995422363","0.444599986076355","0.13"
"MGAT5","8.74149990081787","0.452399998903275","0.14"
"MGAT5B","0.935800015926361","0.201700001955032","0.15"
