"label","mRNA","methy","GNNExplainer"
"MGAT3","10.1656999588013","-0.406100004911423","0.86"
"MGAT4B","10.6482000350952","0.430299997329712","0.88"
"MGAT5","3.34549999237061","0.420100003480911","0.13"
"MGAT5B","4.48449993133545","-0.271600008010864","0.14"
