"label","mRNA","methy","GNNExplainer"
"MGAT3","7.79360008239746","0.243000000715256","0.9"
"MGAT4B","12.5659999847412","0.317600011825562","0.88"
"MGAT5","8.55480003356934","0.256999999284744","0.14"
"MGAT5B","4.05229997634888","-0.28099998831749","0.15"
