"label","mRNA","methy","GNNExplainer"
"MGAT3","9.19699954986572","-0.257200002670288","0.88"
"MGAT4B","11.2833003997803","0.373499989509583","0.87"
"MGAT5","7.98570013046265","0.39750000834465","0.14"
"MGAT5B","3.34310007095337","-0.364399999380112","0.13"
