"label","mRNA","methy","GNNExplainer"
"MGAT3","8.74170017242432","-0.0738999992609024","0.89"
"MGAT4B","11.5529003143311","0.424699991941452","0.87"
"MGAT5","9.19979953765869","0.390500009059906","0.13"
"MGAT5B","2.55220007896423","-0.0568000003695488","0.15"
