"label","mRNA","methy","GNNExplainer"
"MGAT3","5.53140020370483","-0.0377999991178513","0.14"
"MGAT4B","12.0525999069214","0.398699998855591","0.15"
"MGAT5","8.117600440979","0.446900010108948","0.13"
"MGAT5B","0.727500021457672","-0.121399998664856","0.12"
