"label","mRNA","methy","GNNExplainer"
"MGAT3","5.81979990005493","-0.461400002241135","0.15"
"MGAT4B","11.1583003997803","-0.0324000008404255","0.14"
"MGAT5","6.0757999420166","0.106100000441074","0.14"
"MGAT5B","2.62319993972778","-0.112499997019768","0.14"
