"label","mRNA","methy","GNNExplainer"
"MGAT3","9.43900012969971","-0.205200001597404","0.87"
"MGAT4B","12.1094999313354","-0.0329999998211861","0.85"
"MGAT5","6.83780002593994","0.16329999268055","0.13"
"MGAT5B","3.05069994926453","-0.265100002288818","0.16"
