"label","mRNA","methy","GNNExplainer"
"MGAT3","8.93400001525879","-0.361799985170364","0.88"
"MGAT4B","11.1051998138428","0.38620001077652","0.87"
"MGAT5","8.55949974060059","0.18350000679493","0.15"
"MGAT5B","4.76700019836426","-0.422100007534027","0.17"
