"label","mRNA","methy","GNNExplainer"
"MGAT3","6.94519996643066","0.204799994826317","0.15"
"MGAT4B","10.8002996444702","0.397199988365173","0.15"
"MGAT5","8.17879962921143","-0.0728999972343445","0.13"
"MGAT5B","3.10730004310608","-0.455599993467331","0.14"
