"label","mRNA","methy","GNNExplainer"
"MGAT3","9.18120002746582","-0.104500003159046","0.88"
"MGAT4B","10.6290998458862","0.389099985361099","0.86"
"MGAT5","7.1939001083374","0.424800008535385","0.15"
"MGAT5B","2.64520001411438","-0.112099997699261","0.14"
