"label","mRNA","methy","GNNExplainer"
"MGAT3","10.5406999588013","-0.212300002574921","0.86"
"MGAT4B","11.3773002624512","0.383799999952316","0.85"
"MGAT5","7.30900001525879","0.421499997377396","0.15"
"MGAT5B","3.58719992637634","-0.129399999976158","0.15"
