"label","mRNA","methy","GNNExplainer"
"MGAT3","7.72130012512207","-0.396800011396408","0.14"
"MGAT4B","10.4048004150391","0.391600012779236","0.15"
"MGAT5","2.77279996871948","0.389699995517731","0.14"
"MGAT5B","3.52379989624023","-0.4341000020504","0.15"
