"label","mRNA","methy","GNNExplainer"
"MGAT3","8.44369983673096","-0.375099986791611","0.88"
"MGAT4B","11.1462001800537","0.401600003242493","0.87"
"MGAT5","6.92159986495972","0.402099996805191","0.14"
"MGAT5B","3.56159996986389","-0.363000005483627","0.14"
