"label","mRNA","methy","GNNExplainer"
"MGAT3","8.1181001663208","0.213499993085861","0.91"
"MGAT4B","11.2009000778198","0.412499994039536","0.81"
"MGAT5","8.34819984436035","0.227400004863739","0.16"
"MGAT5B","3.75869989395142","-0.42739999294281","0.14"
