"label","mRNA","methy","GNNExplainer"
"MGAT3","6.09819984436035","-0.299400001764297","0.13"
"MGAT4B","10.6701002120972","0.0949999988079071","0.14"
"MGAT5","8.95680046081543","0.192200005054474","0.13"
"MGAT5B","2.98920011520386","-0.187199994921684","0.13"
