"label","mRNA","methy","GNNExplainer"
"MGAT3","9.63739967346191","-0.299600005149841","0.87"
"MGAT4B","11.9079999923706","0.365000009536743","0.84"
"MGAT5","8.95209980010986","0.416999995708466","0.13"
"MGAT5B","1.28129994869232","-0.404100000858307","0.14"
