"label","mRNA","methy","GNNExplainer"
"MGAT3","7.70679998397827","0.137600004673004","0.92"
"MGAT4B","11.8951997756958","0.386999994516373","0.78"
"MGAT5","7.86129999160767","0.344500005245209","0.17"
"MGAT5B","1.98310005664825","-0.160799995064735","0.16"
