"label","mRNA","methy","GNNExplainer"
"MGAT3","11.0085000991821","-0.456299990415573","0.85"
"MGAT4B","11.2522001266479","-0.0930000022053719","0.86"
"MGAT5","9.71170043945312","-0.166500002145767","0.14"
"MGAT5B","1.89049994945526","-0.100299999117851","0.14"
