"label","mRNA","methy","GNNExplainer"
"MGAT3","8.35149955749512","-0.262100011110306","0.89"
"MGAT4B","11.128399848938","0.373400002717972","0.87"
"MGAT5","6.74860000610352","0.360799998044968","0.14"
"MGAT5B","3.17639994621277","-0.0894000008702278","0.13"
