"label","mRNA","methy","GNNExplainer"
"MGAT3","9.3528995513916","-0.135800004005432","0.88"
"MGAT4B","11.166600227356","0.348199993371964","0.86"
"MGAT5","9.40999984741211","0.375099986791611","0.14"
"MGAT5B","3.75909996032715","-0.194700002670288","0.15"
