"label","mRNA","methy","GNNExplainer"
"MGAT3","4.61929988861084","0.441500008106232","0.14"
"MGAT4B","10.2348003387451","0.442200005054474","0.15"
"MGAT5","5.46120023727417","-0.0263999998569489","0.14"
"MGAT5B","6.68650007247925","-0.406800001859665","0.14"
