"label","mRNA","methy","GNNExplainer"
"MGAT3","8.86089992523193","-0.045099999755621","0.89"
"MGAT4B","11.3076000213623","0.105899997055531","0.85"
"MGAT5","7.35500001907349","0.14640000462532","0.14"
"MGAT5B","6.36800003051758","-0.232800006866455","0.15"
