"label","mRNA","methy","GNNExplainer"
"MGAT3","5.61560010910034","0.264400005340576","0.13"
"MGAT4B","10.5013999938965","0.409200012683868","0.13"
"MGAT5","7.11240005493164","0.371899992227554","0.15"
"MGAT5B","5.03119993209839","-0.292499989271164","0.14"
