"label","mRNA","methy","GNNExplainer"
"MGAT3","7.76030015945435","-0.328000009059906","0.12"
"MGAT4B","11.1015996932983","0.401399999856949","0.13"
"MGAT5","9.07540035247803","0.384499996900558","0.14"
"MGAT5B","2.07209992408752","-0.361799985170364","0.14"
