"label","mRNA","methy","GNNExplainer"
"MGAT3","6.25169992446899","0.109700001776218","0.15"
"MGAT4B","11.5600004196167","0.160699993371964","0.15"
"MGAT5","5.74900007247925","0.216600000858307","0.14"
"MGAT5B","3.1603000164032","-0.372200012207031","0.15"
