"label","mRNA","methy","GNNExplainer"
"MGAT3","10.4427003860474","-0.277599990367889","0.86"
"MGAT4B","11.2683000564575","0.403499990701675","0.86"
"MGAT5","9.62919998168945","0.409599989652634","0.14"
"MGAT5B","1.75759994983673","-0.18129999935627","0.15"
