"label","mRNA","methy","GNNExplainer"
"MGAT3","9.5241003036499","-0.229399994015694","0.87"
"MGAT4B","11.9462003707886","0.340700000524521","0.87"
"MGAT5","6.49720001220703","0.39070001244545","0.14"
"MGAT5B","2.66720008850098","-0.414400011301041","0.14"
