"label","mRNA","methy","GNNExplainer"
"MGAT3","8.30200004577637","0.180000007152557","0.91"
"MGAT4B","10.1552000045776","0.412099987268448","0.77"
"MGAT5","8.91440010070801","0.347299993038177","0.17"
"MGAT5B","5.57280015945435","-0.397000014781952","0.15"
