"label","mRNA","methy","GNNExplainer"
"MGAT3","11.7335996627808","-0.353899985551834","0.85"
"MGAT4B","11.8775997161865","0.417699992656708","0.86"
"MGAT5","8.0890998840332","0.446200013160706","0.13"
"MGAT5B","2.2146999835968","0.062899999320507","0.14"
