"label","mRNA","methy","GNNExplainer"
"MGAT3","4.72930002212524","0.0278999991714954","0.16"
"MGAT4B","11.4202003479004","-0.0776999965310097","0.16"
"MGAT5","7.81610012054443","0.224600002169609","0.16"
"MGAT5B","1.22870004177094","0.0659999996423721","0.14"
