"label","mRNA","methy","GNNExplainer"
"MGAT3","10.5548000335693","-0.332300007343292","0.85"
"MGAT4B","11.2504997253418","0.436100006103516","0.85"
"MGAT5","7.07390022277832","0.409000009298325","0.13"
"MGAT5B","2.02160000801086","-0.397399991750717","0.14"
