"label","mRNA","methy","GNNExplainer"
"MGAT3","6.74919986724854","-0.416599988937378","0.13"
"MGAT4B","12.3312997817993","0.401899993419647","0.15"
"MGAT5","6.83690023422241","0.418500006198883","0.15"
"MGAT5B","1.50460004806519","-0.427199989557266","0.15"
