"label","mRNA","methy","GNNExplainer"
"MGAT3","4.99289989471436","0.275299996137619","0.14"
"MGAT4B","10.3115997314453","0.450300008058548","0.13"
"MGAT5","7.12080001831055","0.367799997329712","0.14"
"MGAT5B","4.15869998931885","0.215499997138977","0.15"
