"label","mRNA","methy","GNNExplainer"
"MGAT3","7.72770023345947","0.101999998092651","0.92"
"MGAT4B","11.4871997833252","0.419900000095367","0.78"
"MGAT5","8.31779956817627","0.377999991178513","0.15"
"MGAT5B","3.63579988479614","-0.175600007176399","0.14"
