"label","mRNA","methy","GNNExplainer"
"MGAT3","10.8599996566772","-0.225700005888939","0.85"
"MGAT4B","10.9878997802734","0.390799999237061","0.87"
"MGAT5","8.53909969329834","0.36599999666214","0.14"
"MGAT5B","5.51550006866455","-0.35699999332428","0.15"
