"label","mRNA","methy","GNNExplainer"
"MGAT3","10.5852003097534","0.177699998021126","0.86"
"MGAT4B","11.4305000305176","0.404599994421005","0.86"
"MGAT5","8.95189952850342","0.441399991512299","0.13"
"MGAT5B","3.8717999458313","-0.0456000007688999","0.13"
