"label","mRNA","methy","GNNExplainer"
"MGAT3","8.20899963378906","-0.322499990463257","0.89"
"MGAT4B","11.2978000640869","0.399399995803833","0.85"
"MGAT5","9.41660022735596","0.39410001039505","0.15"
"MGAT5B","2.09080004692078","-0.361699998378754","0.16"
