"label","mRNA","methy","GNNExplainer"
"MGAT3","7.3983998298645","0.1199000030756","0.15"
"MGAT4B","11.2137002944946","0.398499995470047","0.14"
"MGAT5","7.60510015487671","0.324699997901917","0.13"
"MGAT5B","4.17140007019043","-0.117200002074242","0.14"
