"label","mRNA","methy","GNNExplainer"
"MGAT3","4.98649978637695","0.325199991464615","0.14"
"MGAT4B","11.5193004608154","0.468300014734268","0.13"
"MGAT5","8.72109985351562","0.195700004696846","0.13"
"MGAT5B","4.9338002204895","-0.309899985790253","0.15"
