"label","mRNA","methy","GNNExplainer"
"MGAT3","7.61189985275269","0.100699998438358","0.14"
"MGAT4B","10.5742998123169","0.363299995660782","0.14"
"MGAT5","8.88659954071045","0.233600005507469","0.14"
"MGAT5B","4.67390012741089","-0.223399996757507","0.14"
