"label","mRNA","methy","GNNExplainer"
"MGAT3","6.81180000305176","0.200499996542931","0.14"
"MGAT4B","10.4302997589111","0.394300013780594","0.13"
"MGAT5","8.63939952850342","0.421299993991852","0.14"
"MGAT5B","1.92639994621277","-0.335900008678436","0.14"
