"label","mRNA","methy","GNNExplainer"
"MGAT3","7.32320022583008","0.280400007963181","0.18"
"MGAT4B","11.3598003387451","0.131400004029274","0.18"
"MGAT5","5.60559988021851","0.15090000629425","0.15"
"MGAT5B","5.95989990234375","-0.158000007271767","0.16"
