"label","mRNA","methy","GNNExplainer"
"MGAT3","5.21710014343262","0.251800000667572","0.14"
"MGAT4B","10.3655004501343","0.440400004386902","0.15"
"MGAT5","6.95069980621338","0.374599993228912","0.14"
"MGAT5B","3.7341001033783","-0.404599994421005","0.15"
