"label","mRNA","methy","GNNExplainer"
"MGAT3","8.13920021057129","0.337000012397766","0.91"
"MGAT4B","11.0242004394531","0.407900005578995","0.87"
"MGAT5","7.3895001411438","0.432700008153915","0.14"
"MGAT5B","2.97690010070801","-0.0688000023365021","0.15"
