"label","mRNA","methy","GNNExplainer"
"MGAT3","11.3685998916626","-0.0824000015854836","0.85"
"MGAT4B","11.1464996337891","0.380699992179871","0.87"
"MGAT5","3.16440010070801","0.390199989080429","0.15"
"MGAT5B","4.59539985656738","-0.357899993658066","0.14"
