"label","mRNA","methy","GNNExplainer"
"MGAT3","8.75769996643066","0.280699998140335","0.9"
"MGAT4B","11.1406002044678","0.381599992513657","0.87"
"MGAT5","8.63679981231689","0.338099986314774","0.13"
"MGAT5B","3.55340003967285","-0.216800004243851","0.14"
