"label","mRNA","methy","GNNExplainer"
"MGAT3","6.62190008163452","0.254400014877319","0.13"
"MGAT4B","10.7910003662109","0.391299992799759","0.15"
"MGAT5","7.76940011978149","0.333999991416931","0.14"
"MGAT5B","2.7985999584198","-0.377999991178513","0.16"
