"label","mRNA","methy","GNNExplainer"
"MGAT3","5.89879989624023","0.220200002193451","0.13"
"MGAT4B","10.9827003479004","0.430999994277954","0.14"
"MGAT5","8.28289985656738","0.266299992799759","0.15"
"MGAT5B","3.25909996032715","-0.276600003242493","0.14"
