"label","mRNA","methy","GNNExplainer"
"MGAT3","9.1810998916626","-0.249099999666214","0.87"
"MGAT4B","11.5390996932983","0.39640000462532","0.86"
"MGAT5","7.04530000686646","0.231000006198883","0.14"
"MGAT5B","3.76519989967346","-0.330399990081787","0.14"
