"label","mRNA","methy","GNNExplainer"
"MGAT3","4.46460008621216","-0.458700001239777","0.14"
"MGAT4B","11.5037002563477","0.417100012302399","0.13"
"MGAT5","8.00539970397949","0.426400005817413","0.14"
"MGAT5B","1.41840004920959","-0.397000014781952","0.14"
