"label","mRNA","methy","GNNExplainer"
"MGAT3","9.76449966430664","-0.476099997758865","0.87"
"MGAT4B","11.0766000747681","0.101000003516674","0.85"
"MGAT5","7.68599987030029","0.0405000001192093","0.13"
"MGAT5B","5.36569976806641","-0.397799998521805","0.14"
