"label","mRNA","methy","GNNExplainer"
"MGAT3","7.70609998703003","-0.317799985408783","0.9"
"MGAT4B","11.0562000274658","0.351900011301041","0.82"
"MGAT5","7.83339977264404","-0.250200003385544","0.16"
"MGAT5B","5.42959976196289","-0.428900003433228","0.13"
