"label","mRNA","methy","GNNExplainer"
"MGAT3","7.71649980545044","-0.0284000001847744","0.91"
"MGAT4B","11.1718997955322","0.401199996471405","0.87"
"MGAT5","7.21610021591187","0.368699997663498","0.14"
"MGAT5B","3.38100004196167","-0.342200011014938","0.14"
