"label","mRNA","methy","GNNExplainer"
"MGAT3","7.39109992980957","-0.407200008630753","0.9"
"MGAT4B","11.5068998336792","0.0808999985456467","0.86"
"MGAT5","7.88119983673096","0.289700001478195","0.14"
"MGAT5B","2.59559988975525","-0.159799993038177","0.15"
