"label","mRNA","methy","GNNExplainer"
"MGAT3","7.17040014266968","0.168400004506111","0.14"
"MGAT4B","10.8854999542236","0.416200011968613","0.15"
"MGAT5","8.27239990234375","0.304399996995926","0.13"
"MGAT5B","3.25600004196167","-0.217800006270409","0.14"
