"label","mRNA","methy","GNNExplainer"
"MGAT3","8.42809963226318","-0.334300011396408","0.88"
"MGAT4B","10.5141000747681","0.143900007009506","0.87"
"MGAT5","8.1269998550415","0.168699994683266","0.15"
"MGAT5B","4.4443998336792","-0.250699996948242","0.14"
