"label","mRNA","methy","GNNExplainer"
"MGAT3","4.82320022583008","0.316700011491776","0.13"
"MGAT4B","10.9130001068115","0.434799998998642","0.15"
"MGAT5","9.16609954833984","-0.129399999976158","0.13"
"MGAT5B","6.06029987335205","-0.344999998807907","0.16"
