"label","mRNA","methy","GNNExplainer"
"MGAT3","8.84930038452148","-0.176300004124641","0.88"
"MGAT4B","11.1091995239258","0.35139998793602","0.86"
"MGAT5","8.3302001953125","0.278499990701675","0.13"
"MGAT5B","1.72969996929169","-0.387699991464615","0.13"
