"label","mRNA","methy","GNNExplainer"
"MGAT3","6.70590019226074","0.293300002813339","0.13"
"MGAT4B","10.8600997924805","0.384299993515015","0.14"
"MGAT5","8.08119964599609","0.421700000762939","0.14"
"MGAT5B","7.13210010528564","-0.318899989128113","0.14"
