"label","mRNA","methy","GNNExplainer"
"MGAT3","8.91689968109131","-0.314099997282028","0.88"
"MGAT4B","10.7756996154785","0.402999997138977","0.86"
"MGAT5","8.78579998016357","0.34060001373291","0.13"
"MGAT5B","3.6256000995636","-0.0802000015974045","0.16"
