"label","mRNA","methy","GNNExplainer"
"MGAT3","7.44780015945435","0.192800000309944","0.93"
"MGAT4B","11.4237003326416","0.423000007867813","0.77"
"MGAT5","7.52720022201538","0.284000009298325","0.15"
"MGAT5B","6.13990020751953","-0.171100005507469","0.14"
