"label","mRNA","methy","GNNExplainer"
"MGAT3","8.85359954833984","-0.0480999983847141","0.88"
"MGAT4B","11.4786996841431","0.395000010728836","0.87"
"MGAT5","8.16440010070801","0.386400014162064","0.14"
"MGAT5B","2.15820002555847","-0.204300001263618","0.13"
