"label","mRNA","methy","GNNExplainer"
"MGAT3","9.80210018157959","-0.454100012779236","0.87"
"MGAT4B","12.7756004333496","-0.0729999989271164","0.85"
"MGAT5","9.59879970550537","-0.0272000003606081","0.14"
"MGAT5B","1.79879999160767","-0.124899998307228","0.15"
