"label","mRNA","methy","GNNExplainer"
"MGAT3","8.14229965209961","-0.206300005316734","0.9"
"MGAT4B","11.1078996658325","0.436800003051758","0.85"
"MGAT5","7.86240005493164","0.425599992275238","0.15"
"MGAT5B","3.92950010299683","-0.350600004196167","0.15"
