"label","mRNA","methy","GNNExplainer"
"MGAT3","8.54189968109131","-0.18359999358654","0.89"
"MGAT4B","10.3557996749878","0.410800009965897","0.82"
"MGAT5","8.46140003204346","0.397000014781952","0.16"
"MGAT5B","2.45729994773865","-0.446700006723404","0.14"
