"label","mRNA","methy","GNNExplainer"
"MGAT3","6.78819990158081","0.243000000715256","0.13"
"MGAT4B","10.7962999343872","0.402900010347366","0.14"
"MGAT5","8.95440006256104","0.317400008440018","0.15"
"MGAT5B","4.48899984359741","-0.093699999153614","0.14"
