"label","mRNA","methy","GNNExplainer"
"MGAT3","8.35459995269775","0.138400003314018","0.9"
"MGAT4B","11.3024997711182","0.437299996614456","0.87"
"MGAT5","7.12340021133423","0.303000003099442","0.15"
"MGAT5B","1.99950003623962","-0.361900001764297","0.15"
