"label","mRNA","methy","GNNExplainer"
"MGAT3","7.25409984588623","0.198699995875359","0.13"
"MGAT4B","12.7732000350952","-0.153899997472763","0.13"
"MGAT5","8.87839984893799","0.238299995660782","0.13"
"MGAT5B","2.91120004653931","-0.364199995994568","0.14"
