"label","mRNA","methy","GNNExplainer"
"MGAT3","6.99669981002808","0.0753000006079674","0.15"
"MGAT4B","11.1757001876831","0.379299998283386","0.14"
"MGAT5","6.4798002243042","0.434500008821487","0.13"
"MGAT5B","2.10290002822876","-0.377700001001358","0.14"
