"label","mRNA","methy","GNNExplainer"
"MGAT3","10.370400428772","-0.44080001115799","0.86"
"MGAT4B","10.9251003265381","0.411399990320206","0.86"
"MGAT5","8.99499988555908","0.269400000572205","0.14"
"MGAT5B","6.05660009384155","-0.415399998426437","0.14"
