"label","mRNA","methy","GNNExplainer"
"MGAT3","9.05869960784912","0.000899999984540045","0.88"
"MGAT4B","11.4649000167847","0.433200001716614","0.84"
"MGAT5","8.32919979095459","0.25220000743866","0.14"
"MGAT5B","3.02239990234375","-0.373100012540817","0.14"
