"label","mRNA","methy","GNNExplainer"
"MGAT3","9.64190006256104","0.0834999978542328","0.88"
"MGAT4B","10.7664003372192","0.30349999666214","0.86"
"MGAT5","8.85789966583252","0.140000000596046","0.15"
"MGAT5B","3.74160003662109","-0.378800004720688","0.13"
