"label","mRNA","methy","GNNExplainer"
"MGAT3","9.09340000152588","-0.344700008630753","0.87"
"MGAT4B","11.4912004470825","0.385199993848801","0.87"
"MGAT5","8.0423002243042","0.371300011873245","0.14"
"MGAT5B","2.0971999168396","-0.122699998319149","0.14"
