"label","mRNA","methy","GNNExplainer"
"MGAT3","7.97459983825684","0.211500003933907","0.91"
"MGAT4B","11.1528997421265","0.406699985265732","0.85"
"MGAT5","8.50069999694824","0.395399987697601","0.15"
"MGAT5B","3.60739994049072","-0.23929999768734","0.13"
