"label","mRNA","methy","GNNExplainer"
"MGAT3","9.26990032196045","-0.412000000476837","0.87"
"MGAT4B","10.9174003601074","0.392899990081787","0.85"
"MGAT5","8.79489994049072","0.285899996757507","0.14"
"MGAT5B","4.00379991531372","-0.432900011539459","0.14"
