"label","mRNA","methy","GNNExplainer"
"MGAT3","7.06650018692017","0.196700006723404","0.17"
"MGAT4B","10.9485998153687","-0.0793000012636185","0.16"
"MGAT5","8.26739978790283","0.211500003933907","0.15"
"MGAT5B","6.57480001449585","-0.420899987220764","0.14"
