"label","mRNA","methy","GNNExplainer"
"MGAT3","9.96940040588379","-0.411900013685226","0.87"
"MGAT4B","11.3786001205444","0.41049998998642","0.86"
"MGAT5","8.0625","0.283100008964539","0.14"
"MGAT5B","4.19220018386841","-0.44080001115799","0.14"
