"label","mRNA","methy","GNNExplainer"
"MGAT3","9.59679985046387","-0.0966000035405159","0.87"
"MGAT4B","11.6540002822876","0.348600000143051","0.86"
"MGAT5","7.69110012054443","0.383899986743927","0.14"
"MGAT5B","3.19230008125305","-0.203899994492531","0.14"
