"label","mRNA","methy","GNNExplainer"
"MGAT3","6.05340003967285","0.205699995160103","0.16"
"MGAT4B","11.2813997268677","-0.162300005555153","0.13"
"MGAT5","4.73740005493164","0.402900010347366","0.14"
"MGAT5B","6.95989990234375","-0.301800012588501","0.14"
