"label","mRNA","methy","GNNExplainer"
"MGAT3","6.9475998878479","-0.17849999666214","0.16"
"MGAT4B","11.3678998947144","0.39190000295639","0.15"
"MGAT5","5.61129999160767","0.160400003194809","0.14"
"MGAT5B","3.75650000572205","-0.251700013875961","0.13"
