"label","mRNA","methy","GNNExplainer"
"MGAT3","10.5156002044678","-0.407299995422363","0.86"
"MGAT4B","11.4331998825073","0.404000014066696","0.86"
"MGAT5","4.77549982070923","0.358900010585785","0.15"
"MGAT5B","3.22239995002747","-0.383399993181229","0.14"
