"label","mRNA","methy","GNNExplainer"
"MGAT3","4.40220022201538","0.286100000143051","0.15"
"MGAT4B","11.2805995941162","0.446200013160706","0.14"
"MGAT5","6.76319980621338","0.412400007247925","0.16"
"MGAT5B","0.897899985313416","0.200499996542931","0.13"
