"label","mRNA","methy","GNNExplainer"
"MGAT3","10.7912998199463","-0.0850000008940697","0.85"
"MGAT4B","11.2769002914429","0.388599991798401","0.87"
"MGAT5","6.66340017318726","0.430900007486343","0.14"
"MGAT5B","2.38159990310669","-0.303900003433228","0.15"
