"label","mRNA","methy","GNNExplainer"
"MGAT3","12.0268001556396","-0.0340999998152256","0.86"
"MGAT4B","12.4390001296997","0.398900002241135","0.88"
"MGAT5","5.5032000541687","0.452199995517731","0.14"
"MGAT5B","2.58439993858337","-0.321099996566772","0.14"
