"label","mRNA","methy","GNNExplainer"
"MGAT3","11.0198001861572","-0.198500007390976","0.85"
"MGAT4B","11.532600402832","0.396699994802475","0.86"
"MGAT5","7.78039979934692","0.326599985361099","0.12"
"MGAT5B","4.06099987030029","-0.426099985837936","0.14"
