"label","mRNA","methy","GNNExplainer"
"MGAT3","9.02820014953613","-0.0944000035524368","0.88"
"MGAT4B","11.7239999771118","0.366200000047684","0.83"
"MGAT5","9.30589962005615","0.36829999089241","0.13"
"MGAT5B","5.0149998664856","-0.34349998831749","0.15"
