"label","mRNA","methy","GNNExplainer"
"MGAT3","4.54069995880127","0.230000004172325","0.14"
"MGAT4B","10.7437000274658","0.443899989128113","0.15"
"MGAT5","4.91200017929077","0.344099998474121","0.13"
"MGAT5B","4.09070014953613","-0.388300001621246","0.14"
