"label","mRNA","methy","GNNExplainer"
"MGAT3","2.98020005226135","0.264999985694885","0.14"
"MGAT4B","10.1070003509521","0.404599994421005","0.16"
"MGAT5","8.72830009460449","0.421200007200241","0.15"
"MGAT5B","2.36019992828369","-0.333799988031387","0.14"
