"label","mRNA","methy","GNNExplainer"
"MGAT3","10.1129999160767","-0.061599999666214","0.87"
"MGAT4B","11.6540002822876","0.38960000872612","0.86"
"MGAT5","6.59770011901855","0.397300004959106","0.14"
"MGAT5B","3.2163999080658","-0.407499998807907","0.14"
