"label","mRNA","methy","GNNExplainer"
"MGAT3","4.9439001083374","0.0790000036358833","0.14"
"MGAT4B","11.1786003112793","0.167199999094009","0.14"
"MGAT5","5.96029996871948","0.321099996566772","0.14"
"MGAT5B","9.66660022735596","-0.391200006008148","0.14"
