"label","mRNA","methy","GNNExplainer"
"MGAT3","9.51480007171631","-0.259099990129471","0.87"
"MGAT4B","10.834400177002","0.367300003767014","0.86"
"MGAT5","6.77899980545044","0.412600010633469","0.14"
"MGAT5B","3.16669988632202","-0.13910000026226","0.13"
