"label","mRNA","methy","GNNExplainer"
"MGAT3","5.51340007781982","0.307099997997284","0.13"
"MGAT4B","11.6461000442505","-0.226099997758865","0.16"
"MGAT5","9.10519981384277","-0.21340000629425","0.14"
"MGAT5B","0.670700013637543","0.234599992632866","0.14"
