"label","mRNA","methy","GNNExplainer"
"MGAT3","10.438099861145","-0.229300007224083","0.86"
"MGAT4B","11.2579002380371","0.413300007581711","0.87"
"MGAT5","7.2234001159668","0.41949999332428","0.13"
"MGAT5B","5.18419981002808","-0.0381000004708767","0.15"
