"label","mRNA","methy","GNNExplainer"
"MGAT3","8.79259967803955","-9.99999974737875e-05","0.88"
"MGAT4B","11.2142000198364","0.433699995279312","0.87"
"MGAT5","8.55259990692139","0.408300012350082","0.14"
"MGAT5B","2.61579990386963","-0.3817999958992","0.16"
