"label","mRNA","methy","GNNExplainer"
"MGAT3","9.48340034484863","-0.000199999994947575","0.88"
"MGAT4B","12.5232000350952","0.40310001373291","0.85"
"MGAT5","7.79040002822876","0.34349998831749","0.14"
"MGAT5B","3.16750001907349","-0.411199986934662","0.15"
