"label","mRNA","methy","GNNExplainer"
"MGAT3","9.25370025634766","-0.248999997973442","0.87"
"MGAT4B","10.6805000305176","0.376199990510941","0.85"
"MGAT5","7.728600025177","0.324499994516373","0.16"
"MGAT5B","3.5048999786377","-0.413399994373322","0.12"
