"label","mRNA","methy","GNNExplainer"
"MGAT3","8.68589973449707","-0.0524000003933907","0.88"
"MGAT4B","10.8280000686646","0.421900004148483","0.87"
"MGAT5","8.8814001083374","0.37169998884201","0.14"
"MGAT5B","4.19430017471313","-0.390599995851517","0.15"
