"label","mRNA","methy","GNNExplainer"
"MGAT3","7.72380018234253","0.237000003457069","0.92"
"MGAT4B","11.8449001312256","-0.106200002133846","0.79"
"MGAT5","9.63199996948242","-0.114600002765656","0.14"
"MGAT5B","2.26370000839233","-0.203299999237061","0.14"
