"label","mRNA","methy","GNNExplainer"
"MGAT3","9.30720043182373","-0.34799998998642","0.87"
"MGAT4B","11.3055000305176","0.409500002861023","0.88"
"MGAT5","7.0378999710083","0.321599990129471","0.13"
"MGAT5B","2.77690005302429","-0.396600008010864","0.14"
