"label","mRNA","methy","GNNExplainer"
"MGAT3","5.76289987564087","-0.462199985980988","0.13"
"MGAT4B","10.1939001083374","-0.0230999998748302","0.14"
"MGAT5","7.1427001953125","-0.140799999237061","0.14"
"MGAT5B","3.00979995727539","-0.372000008821487","0.15"
