"label","mRNA","methy","GNNExplainer"
"MGAT3","11.2777996063232","-0.152300000190735","0.87"
"MGAT4B","10.7869997024536","0.401899993419647","0.88"
"MGAT5","8.18519973754883","0.37610000371933","0.14"
"MGAT5B","3.08829998970032","-0.346300005912781","0.14"
