"label","mRNA","methy","GNNExplainer"
"MGAT3","5.69630002975464","0.101800002157688","0.13"
"MGAT4B","10.1858997344971","0.450599998235703","0.15"
"MGAT5","7.00579977035522","0.294800013303757","0.14"
"MGAT5B","5.09299993515015","-0.376700013875961","0.14"
