"label","mRNA","methy","GNNExplainer"
"MGAT3","9.78969955444336","-0.219099998474121","0.87"
"MGAT4B","11.1171998977661","0.371100008487701","0.86"
"MGAT5","6.59299993515015","0.382499992847443","0.15"
"MGAT5B","2.75480008125305","-0.388200014829636","0.14"
