"label","mRNA","methy","GNNExplainer"
"MGAT3","7.74420022964478","0.181700006127357","0.13"
"MGAT4B","11.7562999725342","0.361699998378754","0.16"
"MGAT5","8.24600028991699","0.364100009202957","0.14"
"MGAT5B","3.54469990730286","-0.331400007009506","0.14"
