"label","mRNA","methy","GNNExplainer"
"MGAT3","8.10019969940186","0.0939000025391579","0.91"
"MGAT4B","11.7220001220703","0.421900004148483","0.83"
"MGAT5","5.01679992675781","0.392899990081787","0.15"
"MGAT5B","4.16450023651123","-0.219300001859665","0.15"
