"label","mRNA","methy","GNNExplainer"
"MGAT3","6.30140018463135","0.0239000003784895","0.14"
"MGAT4B","11.2880001068115","0.366800010204315","0.13"
"MGAT5","7.34709978103638","0.441100001335144","0.15"
"MGAT5B","2.43779993057251","-0.388799995183945","0.13"
