"label","mRNA","methy","GNNExplainer"
"MGAT3","5.12809991836548","-0.475199997425079","0.17"
"MGAT4B","10.9951000213623","0.152199998497963","0.14"
"MGAT5","6.40299987792969","0.1300999969244","0.13"
"MGAT5B","2.4210000038147","-0.316700011491776","0.14"
