"label","mRNA","methy","GNNExplainer"
"MGAT3","7.66340017318726","0.0625","0.9"
"MGAT4B","12.1701002120972","0.0847999975085258","0.88"
"MGAT5","8.78979969024658","0.236699998378754","0.14"
"MGAT5B","4.60699987411499","-0.067500002682209","0.15"
