"label","mRNA","methy","GNNExplainer"
"MGAT3","3.68409991264343","0.0772999972105026","0.15"
"MGAT4B","11.4195003509521","0.406199991703033","0.13"
"MGAT5","8.02620029449463","-0.0379000008106232","0.14"
"MGAT5B","2.67529988288879","-0.363299995660782","0.15"
