"label","mRNA","methy","GNNExplainer"
"MGAT3","7.8157000541687","-0.366499990224838","0.9"
"MGAT4B","11.4552001953125","0.39190000295639","0.83"
"MGAT5","8.9237003326416","0.355399996042252","0.15"
"MGAT5B","2.38919997215271","-0.352299988269806","0.16"
