"label","mRNA","methy","GNNExplainer"
"MGAT3","10.1504001617432","-0.117399998009205","0.86"
"MGAT4B","11.559700012207","0.364600002765656","0.85"
"MGAT5","4.6431999206543","0.353899985551834","0.14"
"MGAT5B","4.32679986953735","-0.137600004673004","0.15"
