"label","mRNA","methy","GNNExplainer"
"MGAT3","6.96049976348877","0.16949999332428","0.13"
"MGAT4B","10.7853002548218","0.388399988412857","0.15"
"MGAT5","8.37040042877197","0.276699990034103","0.13"
"MGAT5B","4.14690017700195","-0.393500000238419","0.14"
