"label","mRNA","methy","GNNExplainer"
"MGAT3","5.78459978103638","-0.149499997496605","0.14"
"MGAT4B","11.3238000869751","0.0610000006854534","0.14"
"MGAT5","7.71260023117065","0.227799996733665","0.14"
"MGAT5B","2.62170004844666","-0.00350000010803342","0.14"
