"label","mRNA","methy","GNNExplainer"
"MGAT3","8.88350009918213","-0.0130000002682209","0.88"
"MGAT4B","11.002799987793","0.407799988985062","0.87"
"MGAT5","5.51919984817505","0.411799997091293","0.15"
"MGAT5B","4.25899982452393","-0.356799989938736","0.16"
