"label","mRNA","methy","GNNExplainer"
"MGAT3","7.3238000869751","-0.175500005483627","0.92"
"MGAT4B","11.9456996917725","0.384900003671646","0.82"
"MGAT5","8.25020027160645","0.413599997758865","0.14"
"MGAT5B","3.00430011749268","-0.101300001144409","0.14"
