"label","mRNA","methy","GNNExplainer"
"MGAT3","6.5048999786377","-0.305299997329712","0.15"
"MGAT4B","13.0937004089355","0.409799993038177","0.15"
"MGAT5","6.90250015258789","0.435499995946884","0.16"
"MGAT5B","3.33999991416931","-0.400299996137619","0.15"
