"label","mRNA","methy","GNNExplainer"
"MGAT3","9.94449996948242","0.278699994087219","0.87"
"MGAT4B","11.4042997360229","0.370900005102158","0.85"
"MGAT5","7.53000020980835","0.429899990558624","0.15"
"MGAT5B","4.09549999237061","-0.0494000017642975","0.12"
