"label","mRNA","methy","GNNExplainer"
"MGAT3","7.65789985656738","-0.226999998092651","0.91"
"MGAT4B","10.7353000640869","0.376300007104874","0.81"
"MGAT5","6.04250001907349","0.427700012922287","0.15"
"MGAT5B","3.21519994735718","-0.298599988222122","0.13"
