"label","mRNA","methy","GNNExplainer"
"MGAT3","9.49470043182373","0.0408999994397163","0.87"
"MGAT4B","11.1681995391846","0.393099993467331","0.87"
"MGAT5","8.30819988250732","0.328900009393692","0.13"
"MGAT5B","3.0896999835968","-0.192699998617172","0.14"
