"label","mRNA","methy","GNNExplainer"
"MGAT3","5.7846999168396","-0.479499995708466","0.14"
"MGAT4B","12.7753000259399","-0.00920000020414591","0.14"
"MGAT5","5.71990013122559","0.145699992775917","0.14"
"MGAT5B","5.23880004882812","-0.373800009489059","0.16"
