"label","mRNA","methy","GNNExplainer"
"MGAT3","7.97130012512207","0.229100003838539","0.91"
"MGAT4B","10.8891000747681","0.413500010967255","0.81"
"MGAT5","9.00959968566895","0.435400009155273","0.16"
"MGAT5B","2.93070006370544","-0.100400000810623","0.14"
