"label","mRNA","methy","GNNExplainer"
"MGAT3","5.57679986953735","0.298900008201599","0.16"
"MGAT4B","10.3782997131348","0.414900004863739","0.14"
"MGAT5","6.87610006332397","0.417800009250641","0.13"
"MGAT5B","4.85979986190796","-0.348800003528595","0.15"
