"label","mRNA","methy","GNNExplainer"
"MGAT3","7.60319995880127","-0.137799993157387","0.9"
"MGAT4B","11.4844999313354","0.0436000004410744","0.86"
"MGAT5","8.59949970245361","0.157900005578995","0.14"
"MGAT5B","4.30159997940063","-0.303200006484985","0.13"
