"label","mRNA","methy","GNNExplainer"
"MGAT3","5.47749996185303","0.225600004196167","0.15"
"MGAT4B","10.2615995407104","0.375200003385544","0.15"
"MGAT5","8.0560998916626","0.177699998021126","0.14"
"MGAT5B","5.6564998626709","-0.205899998545647","0.14"
