"label","mRNA","methy","GNNExplainer"
"MGAT3","4.48169994354248","0.375200003385544","0.13"
"MGAT4B","9.09969997406006","0.409200012683868","0.15"
"MGAT5","7.32770013809204","0.400000005960464","0.15"
"MGAT5B","1.43690001964569","-0.0892999991774559","0.14"
