"label","mRNA","methy","GNNExplainer"
"MGAT3","5.74830007553101","0.258799999952316","0.14"
"MGAT4B","10.5756998062134","0.392899990081787","0.14"
"MGAT5","9.20890045166016","0.361299991607666","0.15"
"MGAT5B","7.72090005874634","-0.446299999952316","0.14"
