"label","mRNA","methy","GNNExplainer"
"MGAT3","7.68079996109009","0.211099997162819","0.92"
"MGAT4B","10.9198999404907","0.390799999237061","0.81"
"MGAT5","6.85179996490479","0.361799985170364","0.15"
"MGAT5B","3.05879998207092","-0.247099995613098","0.15"
