"label","mRNA","methy","GNNExplainer"
"MGAT3","5.60300016403198","0.308800011873245","0.14"
"MGAT4B","10.600700378418","0.453099995851517","0.14"
"MGAT5","8.26659965515137","0.344900012016296","0.15"
"MGAT5B","5.79440021514893","-0.319099992513657","0.15"
