"label","mRNA","methy","GNNExplainer"
"MGAT3","9.51229953765869","-0.417400002479553","0.87"
"MGAT4B","11.0064001083374","0.372900009155273","0.86"
"MGAT5","7.79220008850098","0.411100000143051","0.13"
"MGAT5B","4.34159994125366","-0.3817999958992","0.14"
