"label","mRNA","methy","GNNExplainer"
"MGAT3","6.98789978027344","0.19820000231266","0.14"
"MGAT4B","10.2693996429443","0.328500002622604","0.14"
"MGAT5","8.81190013885498","0.0834999978542328","0.14"
"MGAT5B","3.86570000648499","-0.393700003623962","0.14"
