"label","mRNA","methy","GNNExplainer"
"MGAT3","10.4906997680664","-0.334899991750717","0.86"
"MGAT4B","11.157600402832","0.398999989032745","0.87"
"MGAT5","8.42450046539307","0.352200001478195","0.14"
"MGAT5B","3.2195999622345","-0.404399991035461","0.14"
