"label","mRNA","methy","GNNExplainer"
"MGAT3","6.2979998588562","0.215200006961823","0.14"
"MGAT4B","11.2686004638672","0.446900010108948","0.14"
"MGAT5","7.80539989471436","0.26910001039505","0.14"
"MGAT5B","2.51300001144409","-0.311100006103516","0.14"
