"label","mRNA","methy","GNNExplainer"
"MGAT3","9.08790016174316","-0.471399992704391","0.87"
"MGAT4B","11.2923002243042","0.0830999985337257","0.85"
"MGAT5","8.95219993591309","0.000199999994947575","0.14"
"MGAT5B","2.23889994621277","-0.270999997854233","0.14"
