"label","mRNA","methy","GNNExplainer"
"MGAT3","7.97149991989136","-0.271800011396408","0.9"
"MGAT4B","11.2558002471924","0.431100010871887","0.85"
"MGAT5","8.632399559021","0.395399987697601","0.14"
"MGAT5B","2.66210007667542","-0.273299992084503","0.13"
