"label","mRNA","methy","GNNExplainer"
"MGAT3","9.7411003112793","0.00570000009611249","0.87"
"MGAT4B","11.7558002471924","0.384799987077713","0.87"
"MGAT5","8.0733003616333","0.412099987268448","0.13"
"MGAT5B","2.87800002098083","-0.000300000014249235","0.13"
