"label","mRNA","methy","GNNExplainer"
"MGAT3","5.78809976577759","0.18970000743866","0.14"
"MGAT4B","11.2244997024536","0.422199994325638","0.14"
"MGAT5","8.08899974822998","0.367300003767014","0.14"
"MGAT5B","5.84950017929077","-0.366699993610382","0.14"
