"label","mRNA","methy","GNNExplainer"
"MGAT3","4.21449995040894","0.266600012779236","0.14"
"MGAT4B","10.6112003326416","0.288399994373322","0.14"
"MGAT5","8.80519962310791","0.39070001244545","0.14"
"MGAT5B","5.00449991226196","-0.426899999380112","0.15"
