"label","mRNA","methy","GNNExplainer"
"MGAT3","8.27280044555664","-0.213799998164177","0.9"
"MGAT4B","10.6368999481201","0.404300004243851","0.77"
"MGAT5","7.49399995803833","0.377799987792969","0.14"
"MGAT5B","4.37760019302368","-0.431699991226196","0.14"
