"label","mRNA","methy","GNNExplainer"
"MGAT3","7.43970012664795","0.168699994683266","0.17"
"MGAT4B","10.4181995391846","0.439000010490417","0.15"
"MGAT5","8.64939975738525","0.387899994850159","0.14"
"MGAT5B","5.20839977264404","-0.249300003051758","0.13"
