"label","mRNA","methy","GNNExplainer"
"MGAT3","7.20279979705811","-0.318699985742569","0.92"
"MGAT4B","11.9342002868652","0.391000002622604","0.78"
"MGAT5","8.88109970092773","0.381999999284744","0.15"
"MGAT5B","2.33159995079041","-0.12610000371933","0.15"
