"label","mRNA","methy","GNNExplainer"
"MGAT3","9.74139976501465","-0.203600004315376","0.87"
"MGAT4B","11.333399772644","0.400099992752075","0.87"
"MGAT5","7.96159982681274","0.326499998569489","0.15"
"MGAT5B","3.35179996490479","-0.349000006914139","0.15"
