"label","mRNA","methy","GNNExplainer"
"MGAT3","9.22560024261475","-0.0910999998450279","0.87"
"MGAT4B","11.7356004714966","0.397899985313416","0.87"
"MGAT5","6.67369985580444","0.37950000166893","0.14"
"MGAT5B","3.99110007286072","-0.405099987983704","0.14"
