"label","mRNA","methy","GNNExplainer"
"MGAT3","9.0625","0.046399999409914","0.88"
"MGAT4B","11.0158004760742","0.436599999666214","0.87"
"MGAT5","7.33949995040894","0.452199995517731","0.14"
"MGAT5B","4.00209999084473","-0.322200000286102","0.15"
