"label","mRNA","methy","GNNExplainer"
"MGAT3","7.33729982376099","-0.39860001206398","0.91"
"MGAT4B","10.9006996154785","-0.0824000015854836","0.83"
"MGAT5","8.71809959411621","0.284799993038177","0.13"
"MGAT5B","1.93340003490448","-0.335399985313416","0.12"
