"label","mRNA","methy","GNNExplainer"
"MGAT3","9.14480018615723","0.031700000166893","0.88"
"MGAT4B","12.163800239563","0.365500003099442","0.88"
"MGAT5","5.84140014648438","0.387899994850159","0.13"
"MGAT5B","3.68160009384155","-0.378899991512299","0.15"
