"label","mRNA","methy","GNNExplainer"
"MGAT3","9.18290042877197","0.0320999994874001","0.88"
"MGAT4B","11.1440000534058","0.368999987840652","0.87"
"MGAT5","7.45539999008179","0.38960000872612","0.14"
"MGAT5B","2.34360003471375","-0.203999996185303","0.12"
