"label","mRNA","methy","GNNExplainer"
"MGAT3","6.54650020599365","0.111699998378754","0.15"
"MGAT4B","11.9047002792358","0.34909999370575","0.13"
"MGAT5","7.48729991912842","0.316700011491776","0.15"
"MGAT5B","2.81579995155334","-0.169300004839897","0.15"
