"label","mRNA","methy","GNNExplainer"
"MGAT3","7.56640005111694","0.407299995422363","0.14"
"MGAT4B","11.5776996612549","0.368000000715256","0.15"
"MGAT5","5.78389978408813","0.436800003051758","0.14"
"MGAT5B","2.64429998397827","-0.0108000002801418","0.13"
