"label","mRNA","methy","GNNExplainer"
"MGAT3","6.68819999694824","0.193599998950958","0.14"
"MGAT4B","11.510199546814","0.249899998307228","0.14"
"MGAT5","7.82980012893677","0.248699992895126","0.15"
"MGAT5B","3.96239995956421","-0.402399986982346","0.14"
