"label","mRNA","methy","GNNExplainer"
"MGAT3","7.14940023422241","-0.0500999987125397","0.15"
"MGAT4B","11.5697002410889","0.38960000872612","0.13"
"MGAT5","8.06480026245117","0.350899994373322","0.15"
"MGAT5B","3.87199997901917","-0.237000003457069","0.13"
