"label","mRNA","methy","GNNExplainer"
"MGAT3","10.4425001144409","-0.310900002717972","0.85"
"MGAT4B","11.5404996871948","0.377999991178513","0.84"
"MGAT5","9.19320011138916","0.32379999756813","0.14"
"MGAT5B","2.75340008735657","-0.414600014686584","0.14"
