"label","mRNA","methy","GNNExplainer"
"MGAT3","5.64160013198853","0.238800004124641","0.14"
"MGAT4B","10.1147003173828","0.405900001525879","0.13"
"MGAT5","6.49380016326904","0.254799991846085","0.13"
"MGAT5B","6.15290021896362","-0.317400008440018","0.13"
