"label","mRNA","methy","GNNExplainer"
"MGAT3","8.8725004196167","-0.437900006771088","0.88"
"MGAT4B","10.4554004669189","0.399500012397766","0.86"
"MGAT5","8.65489959716797","0.306699991226196","0.14"
"MGAT5B","5.19920015335083","-0.351599991321564","0.15"
