"label","mRNA","methy","GNNExplainer"
"MGAT3","6.49240016937256","0.152400001883507","0.15"
"MGAT4B","10.0118999481201","0.389099985361099","0.14"
"MGAT5","4.92199993133545","0.321799993515015","0.14"
"MGAT5B","4.28229999542236","-0.343300014734268","0.15"
