"label","mRNA","methy","GNNExplainer"
"MGAT3","10.3065996170044","-0.166500002145767","0.87"
"MGAT4B","10.6282997131348","0.426400005817413","0.84"
"MGAT5","8.51319980621338","0.365799993276596","0.15"
"MGAT5B","5.25139999389648","-0.35249999165535","0.14"
