"label","mRNA","methy","GNNExplainer"
"MGAT3","5.53389978408813","-0.332300007343292","0.14"
"MGAT4B","11.188099861145","0.0746000036597252","0.14"
"MGAT5","7.68730020523071","0.250699996948242","0.18"
"MGAT5B","4.73250007629395","-0.187099993228912","0.13"
