"label","mRNA","methy","GNNExplainer"
"MGAT3","5.60340023040771","0.152500003576279","0.14"
"MGAT4B","9.48149967193604","0.450700014829636","0.14"
"MGAT5","5.46500015258789","0.289099991321564","0.14"
"MGAT5B","2.04099988937378","-0.167300000786781","0.14"
