"label","mRNA","methy","GNNExplainer"
"MGAT3","10.2026996612549","-0.300000011920929","0.86"
"MGAT4B","11.0362997055054","0.38280001282692","0.85"
"MGAT5","8.17749977111816","0.389699995517731","0.13"
"MGAT5B","2.99370002746582","-0.377700001001358","0.15"
