"label","mRNA","methy","GNNExplainer"
"MGAT3","7.14559984207153","0.26120001077652","0.17"
"MGAT4B","10.8107004165649","0.405000001192093","0.15"
"MGAT5","8.00780010223389","0.34850001335144","0.13"
"MGAT5B","3.61249995231628","-0.385399997234344","0.14"
