"label","mRNA","methy","GNNExplainer"
"MGAT3","6.98470020294189","-0.315200001001358","0.92"
"MGAT4B","11.6225996017456","0.395399987697601","0.77"
"MGAT5","8.56480026245117","0.397799998521805","0.16"
"MGAT5B","3.12350010871887","-0.400599986314774","0.15"
