"label","mRNA","methy","GNNExplainer"
"MGAT3","7.74560022354126","0.140799999237061","0.92"
"MGAT4B","10.9644002914429","0.389200001955032","0.7"
"MGAT5","8.88720035552979","0.346199989318848","0.15"
"MGAT5B","5.4362998008728","-0.360500007867813","0.14"
