"label","mRNA","methy","GNNExplainer"
"MGAT3","6.64930009841919","0.250200003385544","0.15"
"MGAT4B","10.6962995529175","0.442600011825562","0.14"
"MGAT5","5.80039978027344","0.372900009155273","0.14"
"MGAT5B","2.9488000869751","-0.0671999976038933","0.14"
