"label","mRNA","methy","GNNExplainer"
"MGAT3","8.72200012207031","-0.0984999984502792","0.88"
"MGAT4B","10.766900062561","0.377099990844727","0.86"
"MGAT5","8.77579975128174","0.408300012350082","0.15"
"MGAT5B","3.417799949646","-0.384400010108948","0.12"
