"label","mRNA","methy","GNNExplainer"
"MGAT3","6.8604998588562","-0.458299994468689","0.92"
"MGAT4B","11.4555997848511","0.148000001907349","0.73"
"MGAT5","9.58160018920898","0.168400004506111","0.14"
"MGAT5B","4.17959976196289","-0.324200004339218","0.15"
