"label","mRNA","methy","GNNExplainer"
"MGAT3","8.39290046691895","0.0869000032544136","0.13"
"MGAT4B","11.512900352478","0.391499996185303","0.13"
"MGAT5","6.71080017089844","0.358300000429153","0.15"
"MGAT5B","4.75880002975464","-0.309599995613098","0.16"
