"label","mRNA","methy","GNNExplainer"
"MGAT3","5.95120000839233","0.225400000810623","0.17"
"MGAT4B","10.0235996246338","0.420300006866455","0.14"
"MGAT5","9.16049957275391","0.329499989748001","0.13"
"MGAT5B","6.00180006027222","-0.317200005054474","0.14"
