"label","mRNA","methy","GNNExplainer"
"MGAT3","10.4488000869751","-0.311300009489059","0.86"
"MGAT4B","11.2329998016357","0.401899993419647","0.85"
"MGAT5","6.3572998046875","0.410100013017654","0.13"
"MGAT5B","3.97790002822876","-0.150600001215935","0.13"
