"label","mRNA","methy","GNNExplainer"
"MGAT3","6.91009998321533","0.0557999983429909","0.13"
"MGAT4B","11.2040004730225","0.0310999993234873","0.13"
"MGAT5","9.18879985809326","0.114900000393391","0.16"
"MGAT5B","2.91269993782043","-0.283800005912781","0.15"
