"label","mRNA","methy","GNNExplainer"
"MGAT3","6.42980003356934","-0.459199994802475","0.15"
"MGAT4B","11.414400100708","-0.140300005674362","0.15"
"MGAT5","7.14359998703003","0.221399992704391","0.13"
"MGAT5B","2.54999995231628","-0.236200004816055","0.13"
