"label","mRNA","methy","GNNExplainer"
"MGAT3","4.65049982070923","-0.387899994850159","0.14"
"MGAT4B","10.1709995269775","0.384200006723404","0.14"
"MGAT5","6.09549999237061","0.238600000739098","0.15"
"MGAT5B","7.75670003890991","-0.456699997186661","0.13"
