"label","mRNA","methy","GNNExplainer"
"MGAT3","5.28999996185303","0.220699995756149","0.14"
"MGAT4B","10.569299697876","0.439999997615814","0.15"
"MGAT5","7.59380006790161","0.2533999979496","0.14"
"MGAT5B","5.23150014877319","-0.415499985218048","0.15"
