"label","mRNA","methy","GNNExplainer"
"MGAT3","8.22439956665039","0.0837000012397766","0.9"
"MGAT4B","11.2228002548218","0.0904999971389771","0.86"
"MGAT5","7.21470022201538","0.286900013685226","0.15"
"MGAT5B","3.91860008239746","-0.359499990940094","0.15"
