"label","mRNA","methy","GNNExplainer"
"MGAT3","10.5697002410889","-0.336800009012222","0.85"
"MGAT4B","11.938099861145","0.338800013065338","0.86"
"MGAT5","3.88000011444092","0.409799993038177","0.15"
"MGAT5B","5.11450004577637","-0.161300003528595","0.15"
