"label","mRNA","methy","GNNExplainer"
"MGAT3","6.58169984817505","-0.438100010156631","0.16"
"MGAT4B","10.8784999847412","0.159999996423721","0.15"
"MGAT5","7.16849994659424","0.155499994754791","0.16"
"MGAT5B","3.97880005836487","-0.24549999833107","0.14"
