"label","mRNA","methy","GNNExplainer"
"MGAT3","6.31110000610352","0.20890000462532","0.13"
"MGAT4B","11.5966997146606","-0.20440000295639","0.14"
"MGAT5","10.4298000335693","-0.176699995994568","0.13"
"MGAT5B","7.73420000076294","-0.454800009727478","0.14"
