"label","mRNA","methy","GNNExplainer"
"MGAT3","8.81700038909912","-0.307099997997284","0.88"
"MGAT4B","10.8847999572754","0.377099990844727","0.85"
"MGAT5","7.65640020370483","0.302199989557266","0.15"
"MGAT5B","3.82349991798401","-0.41839998960495","0.15"
