"label","mRNA","methy","GNNExplainer"
"MGAT3","5.73260021209717","0.139500007033348","0.15"
"MGAT4B","11.1204996109009","0.382400006055832","0.15"
"MGAT5","8.46370029449463","0.279399991035461","0.13"
"MGAT5B","2.66980004310608","-0.374199986457825","0.14"
