"label","mRNA","methy","GNNExplainer"
"MGAT3","8.59980010986328","-0.166800007224083","0.89"
"MGAT4B","10.7777996063232","0.346300005912781","0.87"
"MGAT5","6.53329992294312","0.397300004959106","0.14"
"MGAT5B","3.49149990081787","-0.103399999439716","0.13"
