"label","mRNA","methy","GNNExplainer"
"MGAT3","8.79109954833984","0.0736000016331673","0.89"
"MGAT4B","11.391900062561","0.335099995136261","0.87"
"MGAT5","5.99200010299683","0.337999999523163","0.15"
"MGAT5B","1.73129999637604","-0.285800009965897","0.14"
