"label","mRNA","methy","GNNExplainer"
"MGAT3","10.4336004257202","-0.354600012302399","0.86"
"MGAT4B","10.6225996017456","0.408399999141693","0.86"
"MGAT5","8.38640022277832","0.383399993181229","0.13"
"MGAT5B","2.98449993133545","-0.349799990653992","0.14"
