"label","mRNA","methy","GNNExplainer"
"MGAT3","8.44740009307861","-0.0052000000141561","0.89"
"MGAT4B","11.2445001602173","0.100500002503395","0.85"
"MGAT5","9.51790046691895","0.124099999666214","0.14"
"MGAT5B","7.38689994812012","-0.381500005722046","0.15"
