"label","mRNA","methy","GNNExplainer"
"MGAT3","7.43170022964478","0.261599987745285","0.14"
"MGAT4B","10.5865001678467","0.412200003862381","0.15"
"MGAT5","8.56470012664795","0.442699998617172","0.15"
"MGAT5B","1.97609996795654","0.00249999994412065","0.15"
