"label","mRNA","methy","GNNExplainer"
"MGAT3","7.11479997634888","0.241200000047684","0.15"
"MGAT4B","10.9825000762939","0.31920000910759","0.13"
"MGAT5","8.09430027008057","0.350899994373322","0.15"
"MGAT5B","4.51599979400635","-0.449099987745285","0.15"
