"label","mRNA","methy","GNNExplainer"
"MGAT3","8.72319984436035","-0.256300002336502","0.88"
"MGAT4B","11.1346998214722","0.365200012922287","0.86"
"MGAT5","8.59969997406006","0.218700006604195","0.16"
"MGAT5B","4.74389982223511","-0.412499994039536","0.13"
