"label","mRNA","methy","GNNExplainer"
"MGAT3","9.47420024871826","0.333600014448166","0.88"
"MGAT4B","10.7828998565674","0.396200001239777","0.86"
"MGAT5","8.52630043029785","0.434399992227554","0.15"
"MGAT5B","1.83350002765656","-0.253199994564056","0.14"
