"label","mRNA","methy","GNNExplainer"
"MGAT3","8.40369987487793","-0.0636000037193298","0.9"
"MGAT4B","10.5281000137329","0.452800005674362","0.81"
"MGAT5","8.50290012359619","0.415499985218048","0.14"
"MGAT5B","3.79909992218018","-0.421200007200241","0.15"
