"label","mRNA","methy","GNNExplainer"
"MGAT3","8.74059963226318","-0.289099991321564","0.89"
"MGAT4B","11.2403001785278","0.414799988269806","0.87"
"MGAT5","8.94169998168945","0.174799993634224","0.15"
"MGAT5B","3.94989991188049","-0.408899992704391","0.14"
