"label","mRNA","methy","GNNExplainer"
"MGAT3","6.22760009765625","-0.314000010490417","0.15"
"MGAT4B","10.746600151062","0.380299985408783","0.13"
"MGAT5","10.2723999023438","-0.0264999996870756","0.14"
"MGAT5B","1.22920000553131","-0.375999987125397","0.14"
