"label","mRNA","methy","GNNExplainer"
"MGAT3","6.52089977264404","0.264999985694885","0.13"
"MGAT4B","10.4638004302979","0.445100009441376","0.14"
"MGAT5","7.77729988098145","0.334699988365173","0.14"
"MGAT5B","4.04090023040771","-0.337999999523163","0.15"
