"label","mRNA","methy","GNNExplainer"
"MGAT3","9.36719989776611","-0.0215000007301569","0.88"
"MGAT4B","11.2999000549316","0.35929998755455","0.87"
"MGAT5","7.14050006866455","0.390399992465973","0.15"
"MGAT5B","4.69820022583008","-0.287999987602234","0.14"
