"label","mRNA","methy","GNNExplainer"
"MGAT3","5.97949981689453","0.0697000026702881","0.14"
"MGAT4B","11.746000289917","0.359899997711182","0.14"
"MGAT5","5.92150020599365","0.0152000002563","0.15"
"MGAT5B","8.33279991149902","-0.326099991798401","0.14"
