"label","mRNA","methy","GNNExplainer"
"MGAT3","7.87290000915527","-0.138999998569489","0.91"
"MGAT4B","11.5516996383667","0.374399989843369","0.8"
"MGAT5","8.60990047454834","0.285800009965897","0.16"
"MGAT5B","2.23420000076294","-0.258599996566772","0.14"
