"label","mRNA","methy","GNNExplainer"
"MGAT3","9.36900043487549","0.0728000029921532","0.88"
"MGAT4B","11.7262001037598","0.41100001335144","0.87"
"MGAT5","8.46140003204346","0.420300006866455","0.15"
"MGAT5B","1.92279994487762","-0.287999987602234","0.15"
