"label","mRNA","methy","GNNExplainer"
"MGAT3","7.21369981765747","-0.3125","0.13"
"MGAT4B","11.0851001739502","0.414700001478195","0.14"
"MGAT5","9.22519969940186","0.340099990367889","0.15"
"MGAT5B","4.61549997329712","-0.399699985980988","0.15"
