"label","mRNA","methy","GNNExplainer"
"MGAT3","8.1830997467041","-0.0304000005125999","0.89"
"MGAT4B","12.3790998458862","0.358900010585785","0.86"
"MGAT5","6.81389999389648","0.34799998998642","0.14"
"MGAT5B","3.67309999465942","-0.303400009870529","0.14"
