"label","mRNA","methy","GNNExplainer"
"MGAT3","10.3149995803833","-0.199000000953674","0.86"
"MGAT4B","11.6962995529175","0.274100005626678","0.86"
"MGAT5","7.61250019073486","0.406599998474121","0.14"
"MGAT5B","3.39409995079041","-0.41729998588562","0.15"
