"label","mRNA","methy","GNNExplainer"
"MGAT3","9.55340003967285","-0.283899992704391","0.87"
"MGAT4B","11.1521997451782","0.411900013685226","0.88"
"MGAT5","9.13799953460693","0.315499991178513","0.15"
"MGAT5B","3.4760000705719","-0.375999987125397","0.14"
