"label","mRNA","methy","GNNExplainer"
"MGAT3","9.32849979400635","-0.18979999423027","0.88"
"MGAT4B","10.4435997009277","0.423400014638901","0.86"
"MGAT5","8.16160011291504","0.227899998426437","0.12"
"MGAT5B","3.43300008773804","-0.340999990701675","0.15"
