"label","mRNA","methy","GNNExplainer"
"MGAT3","10.3025999069214","-0.387499988079071","0.85"
"MGAT4B","11.1061000823975","0.382299989461899","0.86"
"MGAT5","7.34000015258789","0.32370001077652","0.13"
"MGAT5B","3.41950011253357","-0.412800014019012","0.15"
