"label","mRNA","methy","GNNExplainer"
"MGAT3","7.76779985427856","-0.315699994564056","0.9"
"MGAT4B","11.5797004699707","0.437299996614456","0.86"
"MGAT5","7.27759981155396","0.305500000715256","0.13"
"MGAT5B","5.13749980926514","-0.377900004386902","0.13"
