"label","mRNA","methy","GNNExplainer"
"MGAT3","7.87480020523071","0.266600012779236","0.14"
"MGAT4B","10.9962997436523","0.363400012254715","0.16"
"MGAT5","3.94420003890991","0.288800001144409","0.14"
"MGAT5B","4.96150016784668","-0.397399991750717","0.15"
