"label","mRNA","methy","GNNExplainer"
"MGAT3","7.13920021057129","-0.046399999409914","0.13"
"MGAT4B","12.1338996887207","0.410199999809265","0.16"
"MGAT5","6.89529991149902","0.397300004959106","0.15"
"MGAT5B","3.32100009918213","-0.17960000038147","0.13"
