"label","mRNA","methy","GNNExplainer"
"MGAT3","9.0290002822876","0.00109999999403954","0.88"
"MGAT4B","11.7583999633789","0.357400000095367","0.87"
"MGAT5","7.69960021972656","0.307900011539459","0.14"
"MGAT5B","5.25610017776489","-0.421299993991852","0.15"
