"label","mRNA","methy","GNNExplainer"
"MGAT3","10.9392995834351","-0.284099996089935","0.87"
"MGAT4B","11.382399559021","0.406399995088577","0.85"
"MGAT5","9.28499984741211","0.365700006484985","0.15"
"MGAT5B","3.79399991035461","-0.310000002384186","0.15"
