"label","mRNA","methy","GNNExplainer"
"MGAT3","8.42840003967285","0.169699996709824","0.13"
"MGAT4B","10.7553997039795","0.390899986028671","0.14"
"MGAT5","6.21169996261597","0.293900012969971","0.13"
"MGAT5B","4.14160013198853","-0.210500001907349","0.14"
