"label","mRNA","methy","GNNExplainer"
"MGAT3","8.07849979400635","0.252400010824203","0.13"
"MGAT4B","11.2020998001099","0.393599987030029","0.14"
"MGAT5","8.36789989471436","0.286300003528595","0.12"
"MGAT5B","4.81279993057251","-0.294299989938736","0.16"
