"label","mRNA","methy","GNNExplainer"
"MGAT3","9.23159980773926","-0.19820000231266","0.88"
"MGAT4B","8.00269985198975","0.414200007915497","0.24"
"MGAT5","7.06330013275146","0.383199989795685","0.14"
"MGAT5B","2.89199995994568","-0.11370000243187","0.14"
