"label","mRNA","methy","GNNExplainer"
"MGAT3","6.19600009918213","0.0175000000745058","0.14"
"MGAT4B","12.1147003173828","0.378500014543533","0.15"
"MGAT5","8.07660007476807","0.411300003528595","0.14"
"MGAT5B","3.06669998168945","-0.31360000371933","0.13"
