"label","mRNA","methy","GNNExplainer"
"MGAT3","8.81210041046143","0.0458999983966351","0.89"
"MGAT4B","11.8872995376587","0.379700005054474","0.88"
"MGAT5","7.09870004653931","0.365700006484985","0.13"
"MGAT5B","3.82879996299744","-0.290499985218048","0.14"
