"label","mRNA","methy","GNNExplainer"
"MGAT3","5.69589996337891","0.314599990844727","0.15"
"MGAT4B","11.4551000595093","0.455300003290176","0.15"
"MGAT5","8.98419952392578","0.45550000667572","0.14"
"MGAT5B","1.12129998207092","0.18520000576973","0.12"
