"label","mRNA","methy","GNNExplainer"
"MGAT3","9.84290027618408","-0.206400007009506","0.87"
"MGAT4B","11.2974996566772","0.390399992465973","0.87"
"MGAT5","6.26459980010986","0.445800006389618","0.13"
"MGAT5B","2.45860004425049","-0.325199991464615","0.13"
