"label","mRNA","methy","GNNExplainer"
"MGAT3","5.74469995498657","0.260500013828278","0.14"
"MGAT4B","10.6899995803833","0.434799998998642","0.14"
"MGAT5","8.72799968719482","0.346799999475479","0.13"
"MGAT5B","3.69169998168945","-0.336499989032745","0.15"
