"label","mRNA","methy","GNNExplainer"
"MGAT3","8.91870021820068","-0.286399990320206","0.88"
"MGAT4B","11.0649995803833","0.402099996805191","0.86"
"MGAT5","9.15559959411621","0.381999999284744","0.14"
"MGAT5B","3.58509993553162","-0.374599993228912","0.11"
