"label","mRNA","methy","GNNExplainer"
"MGAT3","8.30690002441406","0.0926999971270561","0.9"
"MGAT4B","9.64939975738525","0.463800013065338","0.85"
"MGAT5","8.01860046386719","0.164900004863739","0.16"
"MGAT5B","3.46860003471375","-0.311100006103516","0.16"
