"label","mRNA","methy","GNNExplainer"
"MGAT3","6.916100025177","0.176899999380112","0.14"
"MGAT4B","10.9685001373291","0.443500012159348","0.15"
"MGAT5","6.6648998260498","0.260300010442734","0.14"
"MGAT5B","1.2117999792099","-0.0287999995052814","0.13"
