"label","mRNA","methy","GNNExplainer"
"MGAT3","8.132399559021","0.391099989414215","0.92"
"MGAT4B","11.5999002456665","0.367599993944168","0.77"
"MGAT5","7.3056001663208","0.327300012111664","0.15"
"MGAT5B","9.14900016784668","-0.42960000038147","0.15"
