"label","mRNA","methy","GNNExplainer"
"MGAT3","11.0923004150391","-0.237399995326996","0.85"
"MGAT4B","12.1071996688843","0.376899987459183","0.87"
"MGAT5","7.92070007324219","0.423400014638901","0.15"
"MGAT5B","3.09710001945496","-0.236900001764297","0.13"
