"label","mRNA","methy","GNNExplainer"
"MGAT3","5.33109998703003","0.308499991893768","0.16"
"MGAT4B","11.0132999420166","0.407400012016296","0.16"
"MGAT5","8.05150032043457","0.408300012350082","0.14"
"MGAT5B","1.01090002059937","-0.209900006651878","0.15"
