"label","mRNA","methy","GNNExplainer"
"MGAT3","6.7024998664856","0.250499993562698","0.14"
"MGAT4B","10.5465002059937","0.433299988508224","0.15"
"MGAT5","8.73499965667725","0.288800001144409","0.14"
"MGAT5B","4.46869993209839","-0.325399994850159","0.14"
