"label","mRNA","methy","GNNExplainer"
"MGAT3","8.79450035095215","0.169599995017052","0.89"
"MGAT4B","11.6855001449585","0.40310001373291","0.86"
"MGAT5","8.2544002532959","0.391400009393692","0.14"
"MGAT5B","2.19180011749268","-0.120600000023842","0.13"
