"label","mRNA","methy","GNNExplainer"
"MGAT3","7.96320009231567","-0.370599985122681","0.89"
"MGAT4B","10.7652997970581","0.424800008535385","0.84"
"MGAT5","8.68630027770996","0.220500007271767","0.17"
"MGAT5B","2.82969999313354","-0.373699992895126","0.15"
