"label","mRNA","methy","GNNExplainer"
"MGAT3","7.72819995880127","0.171399995684624","0.92"
"MGAT4B","11.0079002380371","0.350300014019012","0.83"
"MGAT5","6.20819997787476","0.226600006222725","0.15"
"MGAT5B","5.39379978179932","-0.349299997091293","0.14"
