"label","mRNA","methy","GNNExplainer"
"MGAT3","7.02769994735718","-0.0458999983966351","0.14"
"MGAT4B","12.101900100708","0.332500010728836","0.14"
"MGAT5","8.23340034484863","0.371199995279312","0.16"
"MGAT5B","3.26780009269714","-0.297100007534027","0.15"
