"label","mRNA","methy","GNNExplainer"
"MGAT3","7.68489980697632","-0.448300004005432","0.89"
"MGAT4B","11.0696001052856","0.384499996900558","0.88"
"MGAT5","4.44199991226196","0.403600007295609","0.15"
"MGAT5B","4.98120021820068","-0.400499999523163","0.14"
