"label","mRNA","methy","GNNExplainer"
"MGAT3","7.68020009994507","-0.458400011062622","0.89"
"MGAT4B","10.7843999862671","0.377099990844727","0.88"
"MGAT5","7.57550001144409","0.199200004339218","0.14"
"MGAT5B","3.49270009994507","-0.36379998922348","0.13"
