"label","mRNA","methy","GNNExplainer"
"MGAT3","10.2082996368408","-0.0432999990880489","0.86"
"MGAT4B","11.6738004684448","0.397799998521805","0.85"
"MGAT5","8.23890018463135","0.311800003051758","0.15"
"MGAT5B","2.31909990310669","-0.319400012493134","0.14"
