"label","mRNA","methy","GNNExplainer"
"MGAT3","8.80529975891113","-0.327300012111664","0.88"
"MGAT4B","10.957200050354","0.396499991416931","0.85"
"MGAT5","8.41650009155273","0.297500014305115","0.15"
"MGAT5B","3.84969997406006","-0.398000001907349","0.15"
