"label","mRNA","methy","GNNExplainer"
"MGAT3","7.75799989700317","-0.220400005578995","0.91"
"MGAT4B","11.2104997634888","0.419099986553192","0.78"
"MGAT5","8.83790016174316","0.334199994802475","0.16"
"MGAT5B","3.61969995498657","-0.440699994564056","0.15"
