"label","mRNA","methy","GNNExplainer"
"MGAT3","8.85719966888428","-0.41729998588562","0.88"
"MGAT4B","11.682900428772","0.101000003516674","0.87"
"MGAT5","8.47990036010742","0.132200002670288","0.15"
"MGAT5B","8.23880004882812","-0.316700011491776","0.15"
