"label","mRNA","methy","GNNExplainer"
"MGAT3","10.1572999954224","-0.367700010538101","0.86"
"MGAT4B","10.7164001464844","0.420199990272522","0.86"
"MGAT5","7.60169982910156","0.407700002193451","0.15"
"MGAT5B","5.92950010299683","-0.381900012493134","0.13"
