"label","mRNA","methy","GNNExplainer"
"MGAT3","8.57180023193359","-0.160199999809265","0.89"
"MGAT4B","11.3166999816895","0.438300013542175","0.85"
"MGAT5","8.3439998626709","0.447400003671646","0.15"
"MGAT5B","2.59130001068115","-0.313699990510941","0.14"
