"label","mRNA","methy","GNNExplainer"
"MGAT3","5.15140008926392","-0.195199996232986","0.13"
"MGAT4B","12.6982002258301","0.367399990558624","0.14"
"MGAT5","2.22480010986328","0.366800010204315","0.13"
"MGAT5B","2.6191999912262","-0.377000004053116","0.13"
