"label","mRNA","methy","GNNExplainer"
"MGAT3","6.2827000617981","0.19370000064373","0.15"
"MGAT4B","11.5381002426147","-0.00999999977648258","0.16"
"MGAT5","6.3798999786377","0.293999999761581","0.14"
"MGAT5B","4.38479995727539","-0.400599986314774","0.15"
