"label","mRNA","methy","GNNExplainer"
"MGAT3","7.51870012283325","-0.0458000004291534","0.91"
"MGAT4B","11.1829996109009","0.398999989032745","0.84"
"MGAT5","6.49399995803833","0.292899996042252","0.14"
"MGAT5B","3.97650003433228","-0.36039999127388","0.15"
