"label","mRNA","methy","GNNExplainer"
"MGAT3","9.85249996185303","-0.060699999332428","0.87"
"MGAT4B","11.059100151062","0.365799993276596","0.85"
"MGAT5","7.89769983291626","0.400799989700317","0.13"
"MGAT5B","2.37140011787415","-0.13850000500679","0.15"
