"label","mRNA","methy","GNNExplainer"
"MGAT3","7.78870010375977","-0.286700010299683","0.9"
"MGAT4B","11.663800239563","0.370200008153915","0.82"
"MGAT5","7.65430021286011","0.118699997663498","0.13"
"MGAT5B","4.9835000038147","-0.411100000143051","0.15"
