"label","mRNA","methy","GNNExplainer"
"MGAT3","8.64420032501221","0.0405000001192093","0.89"
"MGAT4B","10.7244997024536","0.400499999523163","0.87"
"MGAT5","7.14620018005371","0.382999986410141","0.15"
"MGAT5B","4.08599996566772","-0.372900009155273","0.14"
