"label","mRNA","methy","GNNExplainer"
"MGAT3","9.480299949646","-0.366299986839294","0.87"
"MGAT4B","11.555700302124","0.311300009489059","0.84"
"MGAT5","7.66120004653931","0.388700008392334","0.13"
"MGAT5B","5.12949991226196","-0.350199997425079","0.14"
