"label","mRNA","methy","GNNExplainer"
"MGAT3","8.76369953155518","-0.378899991512299","0.88"
"MGAT4B","10.8606004714966","0.39300000667572","0.85"
"MGAT5","9.30620002746582","0.17339999973774","0.12"
"MGAT5B","4.8878002166748","-0.368499994277954","0.15"
