"label","mRNA","methy","GNNExplainer"
"MGAT3","5.66139984130859","-0.452800005674362","0.13"
"MGAT4B","11.1090002059937","0.111199997365475","0.13"
"MGAT5","6.82889986038208","0.239600002765656","0.15"
"MGAT5B","1.93920004367828","-0.138699993491173","0.14"
