"label","mRNA","methy","GNNExplainer"
"MGAT3","6.19649982452393","0.127599999308586","0.13"
"MGAT4B","11.856499671936","0.0465999990701675","0.14"
"MGAT5","8.34130001068115","0.270999997854233","0.13"
"MGAT5B","5.56780004501343","-0.0762000009417534","0.13"
