"label","mRNA","methy","GNNExplainer"
"MGAT3","8.24040031433105","0.410699993371964","0.91"
"MGAT4B","11.2962999343872","0.438800007104874","0.82"
"MGAT5","6.71920013427734","0.417100012302399","0.15"
"MGAT5B","3.31110000610352","-0.241099998354912","0.15"
