"label","mRNA","methy","GNNExplainer"
"MGAT3","10.2073001861572","0.0474000014364719","0.87"
"MGAT4B","11.9739999771118","0.397899985313416","0.87"
"MGAT5","8.25039958953857","0.379799991846085","0.14"
"MGAT5B","3.02430009841919","-0.429899990558624","0.13"
