"label","mRNA","methy","GNNExplainer"
"MGAT3","7.60230016708374","0.303799986839294","0.91"
"MGAT4B","12.2679996490479","0.384700000286102","0.89"
"MGAT5","8.91619968414307","0.456000000238419","0.14"
"MGAT5B","2.95639991760254","-0.210199996829033","0.15"
