"label","mRNA","methy","GNNExplainer"
"MGAT3","6.03359985351562","0.295399993658066","0.13"
"MGAT4B","11.4638004302979","-0.0546000003814697","0.14"
"MGAT5","8.06420040130615","0.289299994707108","0.14"
"MGAT5B","1.56309998035431","-0.271100014448166","0.14"
