"label","mRNA","methy","GNNExplainer"
"MGAT3","6.5282998085022","-0.120399996638298","0.15"
"MGAT4B","8.61660003662109","0.39860001206398","0.14"
"MGAT5","8.16079998016357","0.16609999537468","0.16"
"MGAT5B","1.88180005550385","-0.355599999427795","0.13"
