"label","mRNA","methy","GNNExplainer"
"MGAT3","6.87760019302368","0.215700000524521","0.13"
"MGAT4B","10.5818004608154","0.351000010967255","0.14"
"MGAT5","8.26019954681396","0.32150000333786","0.13"
"MGAT5B","4.16580009460449","-0.333499997854233","0.13"
