"label","mRNA","methy","GNNExplainer"
"MGAT3","4.93330001831055","0.248999997973442","0.15"
"MGAT4B","11.5665998458862","0.451200008392334","0.15"
"MGAT5","8.46240043640137","0.400799989700317","0.15"
"MGAT5B","3.39050006866455","-0.0044999998062849","0.12"
