"label","mRNA","methy","GNNExplainer"
"MGAT3","8.46179962158203","0.0799999982118607","0.89"
"MGAT4B","11.474100112915","0.326999992132187","0.86"
"MGAT5","8.82639980316162","0.316300004720688","0.13"
"MGAT5B","3.43919992446899","-0.232899993658066","0.13"
