"label","mRNA","methy","GNNExplainer"
"MGAT3","5.55970001220703","0.205200001597404","0.14"
"MGAT4B","12.1941995620728","0.397799998521805","0.14"
"MGAT5","6.63640022277832","-0.0142000000923872","0.15"
"MGAT5B","3.61879992485046","-0.360199987888336","0.13"
