"label","mRNA","methy","GNNExplainer"
"MGAT3","8.84770011901855","0.125900000333786","0.89"
"MGAT4B","11.7944002151489","-0.0211999993771315","0.86"
"MGAT5","9.21199989318848","0.267399996519089","0.14"
"MGAT5B","5.46140003204346","0.0838999971747398","0.15"
