"label","mRNA","methy","GNNExplainer"
"MGAT3","8.06550025939941","0.0308999996632338","0.91"
"MGAT4B","11.3662004470825","0.424899995326996","0.82"
"MGAT5","7.16919994354248","0.441000014543533","0.15"
"MGAT5B","4.38469982147217","-0.392199993133545","0.16"
