"label","mRNA","methy","GNNExplainer"
"MGAT3","6.74069976806641","-0.213599994778633","0.14"
"MGAT4B","11.8233995437622","0.0419999994337559","0.14"
"MGAT5","6.54829978942871","0.0672999992966652","0.15"
"MGAT5B","4.85760021209717","-0.289299994707108","0.14"
