"label","mRNA","methy","GNNExplainer"
"MGAT3","7.55019998550415","0.0772000029683113","0.92"
"MGAT4B","11.8329000473022","0.409700006246567","0.82"
"MGAT5","8.81079959869385","0.419900000095367","0.14"
"MGAT5B","6.18959999084473","-0.216700002551079","0.16"
