"label","mRNA","methy","GNNExplainer"
"MGAT3","4.82959985733032","0.0252000000327826","0.14"
"MGAT4B","10.6022996902466","0.299100011587143","0.14"
"MGAT5","5.44280004501343","0.35589998960495","0.14"
"MGAT5B","2.40689992904663","-0.383500009775162","0.13"
