"label","mRNA","methy","GNNExplainer"
"MGAT3","10.7503004074097","-0.43299999833107","0.85"
"MGAT4B","10.7701997756958","0.363499999046326","0.86"
"MGAT5","4.52349996566772","0.301400005817413","0.14"
"MGAT5B","2.98440003395081","-0.394499987363815","0.14"
