"label","mRNA","methy","GNNExplainer"
"MGAT3","4.38409996032715","0.0397000014781952","0.13"
"MGAT4B","11.1625003814697","0.1875","0.13"
"MGAT5","7.85449981689453","0.321299999952316","0.16"
"MGAT5B","2.74920010566711","0.0248000007122755","0.14"
