"label","mRNA","methy","GNNExplainer"
"MGAT3","8.73219966888428","-0.336600005626678","0.88"
"MGAT4B","11.5707998275757","0.344300001859665","0.87"
"MGAT5","9.05920028686523","0.431300014257431","0.14"
"MGAT5B","3.36630010604858","-0.397100001573563","0.14"
