"label","mRNA","methy","GNNExplainer"
"MGAT3","7.33010005950928","0.351200014352798","0.13"
"MGAT4B","11.7116003036499","0.388200014829636","0.16"
"MGAT5","8.80850028991699","0.43189999461174","0.14"
"MGAT5B","1.40699994564056","0.0798000022768974","0.15"
