"label","mRNA","methy","GNNExplainer"
"MGAT3","8.7391996383667","-0.172600001096725","0.89"
"MGAT4B","11.1635999679565","0.376199990510941","0.86"
"MGAT5","7.80690002441406","0.358300000429153","0.15"
"MGAT5B","3.18449997901917","-0.184499993920326","0.13"
