"label","mRNA","methy","GNNExplainer"
"MGAT3","7.56160020828247","-0.0690999999642372","0.92"
"MGAT4B","10.847900390625","0.433499991893768","0.78"
"MGAT5","8.4552001953125","0.357100009918213","0.13"
"MGAT5B","2.84579992294312","-0.390100002288818","0.14"
