"label","mRNA","methy","GNNExplainer"
"MGAT3","6.50920009613037","0.216800004243851","0.16"
"MGAT4B","10.6322002410889","0.405099987983704","0.13"
"MGAT5","8.58800029754639","0.232099995017052","0.15"
"MGAT5B","4.06589984893799","-0.419400006532669","0.15"
