"label","mRNA","methy","GNNExplainer"
"MGAT3","9.65219974517822","-0.363000005483627","0.87"
"MGAT4B","10.9750995635986","0.416500002145767","0.85"
"MGAT5","8.67199993133545","0.288399994373322","0.13"
"MGAT5B","3.06329989433289","-0.217500001192093","0.14"
