"label","mRNA","methy","GNNExplainer"
"MGAT3","3.90019989013672","0.0608999989926815","0.14"
"MGAT4B","12.1682996749878","-0.119800001382828","0.16"
"MGAT5","9.38409996032715","0.345499992370605","0.14"
"MGAT5B","3.74819993972778","-0.31470000743866","0.14"
