"label","mRNA","methy","GNNExplainer"
"MGAT3","8.08090019226074","-0.1199000030756","0.9"
"MGAT4B","11.3636999130249","0.415800005197525","0.84"
"MGAT5","7.81820011138916","0.343800008296967","0.14"
"MGAT5B","2.97420001029968","-0.366600006818771","0.16"
