"label","mRNA","methy","GNNExplainer"
"MGAT3","4.94320011138916","0.313300013542175","0.14"
"MGAT4B","10.474100112915","0.432200014591217","0.14"
"MGAT5","6.7435998916626","0.292600005865097","0.14"
"MGAT5B","2.99000000953674","-0.103399999439716","0.15"
