"label","mRNA","methy","GNNExplainer"
"MGAT3","9.34980010986328","-0.287499994039536","0.87"
"MGAT4B","10.6459999084473","0.383100003004074","0.88"
"MGAT5","7.73699998855591","0.367000013589859","0.14"
"MGAT5B","5.09219980239868","-0.388399988412857","0.12"
