"label","mRNA","methy","GNNExplainer"
"MGAT3","8.44939994812012","-0.0285999998450279","0.89"
"MGAT4B","11.0164003372192","0.399100005626678","0.85"
"MGAT5","9.04650020599365","0.29229998588562","0.15"
"MGAT5B","4.15850019454956","-0.355399996042252","0.13"
