"label","mRNA","methy","GNNExplainer"
"MGAT3","10.9358997344971","-0.440299987792969","0.85"
"MGAT4B","11.1183996200562","0.394800007343292","0.87"
"MGAT5","8.61989974975586","0.353899985551834","0.12"
"MGAT5B","4.73159980773926","-0.352999985218048","0.14"
