"label","mRNA","methy","GNNExplainer"
"MGAT3","11.5508003234863","-0.298500001430511","0.84"
"MGAT4B","11.4162998199463","0.343600004911423","0.85"
"MGAT5","9.26799964904785","0.293099999427795","0.16"
"MGAT5B","3.54590010643005","-0.387699991464615","0.15"
