"label","mRNA","methy","GNNExplainer"
"MGAT3","8.77110004425049","0.0571999996900558","0.89"
"MGAT4B","11.1118001937866","0.430599987506866","0.86"
"MGAT5","7.46950006484985","0.393200010061264","0.13"
"MGAT5B","5.92220020294189","-0.179299995303154","0.12"
