"label","mRNA","methy","GNNExplainer"
"MGAT3","10.1263999938965","-0.411900013685226","0.86"
"MGAT4B","11.7807998657227","0.250900000333786","0.86"
"MGAT5","6.53030014038086","0.400700002908707","0.16"
"MGAT5B","5.81260013580322","-0.324200004339218","0.14"
