"label","mRNA","methy","GNNExplainer"
"MGAT3","9.72889995574951","0.0904000028967857","0.87"
"MGAT4B","13.4870004653931","0.351300001144409","0.87"
"MGAT5","5.29699993133545","0.406199991703033","0.14"
"MGAT5B","2.10540008544922","-0.058899998664856","0.13"
