"label","mRNA","methy","GNNExplainer"
"MGAT3","6.86390018463135","0.123999997973442","0.14"
"MGAT4B","11.0708999633789","0.432799994945526","0.15"
"MGAT5","6.21500015258789","0.23309999704361","0.14"
"MGAT5B","3.42910003662109","-0.355300009250641","0.14"
