"label","mRNA","methy","GNNExplainer"
"MGAT3","4.25530004501343","-0.43299999833107","0.13"
"MGAT4B","11.3774995803833","0.0520000010728836","0.16"
"MGAT5","8.13099956512451","0.067500002682209","0.16"
"MGAT5B","1.12450003623962","0.0678000003099442","0.13"
