"label","mRNA","methy","GNNExplainer"
"MGAT3","7.60400009155273","0.187600001692772","0.15"
"MGAT4B","10.0806999206543","0.365799993276596","0.14"
"MGAT5","8.53419971466064","0.162799999117851","0.13"
"MGAT5B","3.60479998588562","-0.161899998784065","0.15"
