"label","mRNA","methy","GNNExplainer"
"MGAT3","10.9209003448486","-0.271299988031387","0.86"
"MGAT4B","11.9196996688843","0.379900008440018","0.87"
"MGAT5","8.60470008850098","0.303999990224838","0.15"
"MGAT5B","2.57349991798401","0.0720999985933304","0.15"
