"label","mRNA","methy","GNNExplainer"
"MGAT3","6.93680000305176","0.332399994134903","0.14"
"MGAT4B","12.4092998504639","0.295899987220764","0.15"
"MGAT5","7.00330018997192","0.444999992847443","0.15"
"MGAT5B","5.08809995651245","-0.386000007390976","0.14"
