"label","mRNA","methy","GNNExplainer"
"MGAT3","8.61030006408691","-0.2533999979496","0.89"
"MGAT4B","11.9848003387451","-0.060699999332428","0.86"
"MGAT5","7.80660009384155","0.130300000309944","0.14"
"MGAT5B","2.32139992713928","-0.122299998998642","0.15"
