"label","mRNA","methy","GNNExplainer"
"MGAT3","8.45839977264404","-0.0275999996811152","0.89"
"MGAT4B","10.9252996444702","0.392100006341934","0.87"
"MGAT5","9.01200008392334","0.374000012874603","0.13"
"MGAT5B","1.76750004291534","-0.334199994802475","0.14"
