"label","mRNA","methy","GNNExplainer"
"MGAT3","10.3178997039795","-0.188199996948242","0.86"
"MGAT4B","11.6838998794556","0.377999991178513","0.86"
"MGAT5","8.51900005340576","0.365299999713898","0.14"
"MGAT5B","3.92580008506775","-0.115699999034405","0.12"
