"label","mRNA","methy","GNNExplainer"
"MGAT3","9.38980007171631","0.247400000691414","0.88"
"MGAT4B","11.6976003646851","0.358000010251999","0.84"
"MGAT5","8.72700023651123","0.391499996185303","0.14"
"MGAT5B","3.52740001678467","-0.222299993038177","0.15"
