"label","mRNA","methy","GNNExplainer"
"MGAT3","8.12080001831055","0.168300002813339","0.91"
"MGAT4B","11.8406000137329","0.393400013446808","0.83"
"MGAT5","6.1742000579834","0.392399996519089","0.13"
"MGAT5B","2.2474000453949","-0.241699993610382","0.14"
