"label","mRNA","methy","GNNExplainer"
"MGAT3","9.1746997833252","-0.355599999427795","0.88"
"MGAT4B","11.629599571228","0.338600009679794","0.86"
"MGAT5","8.84889984130859","0.38629999756813","0.13"
"MGAT5B","3.38150000572205","-0.337399989366531","0.14"
