"label","mRNA","methy","GNNExplainer"
"MGAT3","4.47440004348755","0.350400000810623","0.15"
"MGAT4B","11.1099996566772","0.407999992370605","0.14"
"MGAT5","8.33450031280518","0.350899994373322","0.16"
"MGAT5B","5.95959997177124","-0.107199996709824","0.15"
