"label","mRNA","methy","GNNExplainer"
"MGAT3","8.6609001159668","-0.476799994707108","0.88"
"MGAT4B","11.9823999404907","0.161500006914139","0.87"
"MGAT5","9.33950042724609","0.198300004005432","0.13"
"MGAT5B","1.86730003356934","-0.313800007104874","0.15"
