"label","mRNA","methy","GNNExplainer"
"MGAT3","8.74540042877197","-0.25560000538826","0.88"
"MGAT4B","11.4117002487183","0.413800001144409","0.88"
"MGAT5","3.82439994812012","0.435999989509583","0.14"
"MGAT5B","4.42889976501465","-0.131600007414818","0.13"
