"label","mRNA","methy","GNNExplainer"
"MGAT3","9.08720016479492","-0.146899998188019","0.88"
"MGAT4B","11.7876996994019","0.387499988079071","0.86"
"MGAT5","8.5241003036499","0.344900012016296","0.13"
"MGAT5B","3.63660001754761","-0.161200001835823","0.14"
