"label","mRNA","methy","GNNExplainer"
"MGAT3","7.0346999168396","0.113300003111362","0.13"
"MGAT4B","11.9263000488281","0.378100007772446","0.15"
"MGAT5","8.12129974365234","0.395599991083145","0.14"
"MGAT5B","2.95860004425049","-0.0364999994635582","0.14"
