"label","mRNA","methy","GNNExplainer"
"MGAT3","9.43389987945557","-0.442600011825562","0.87"
"MGAT4B","11.1338996887207","0.40200001001358","0.86"
"MGAT5","7.73070001602173","0.37830001115799","0.13"
"MGAT5B","3.86479997634888","-0.438400000333786","0.15"
