"label","mRNA","methy","GNNExplainer"
"MGAT3","11.3039999008179","-0.198899999260902","0.84"
"MGAT4B","12.1489000320435","0.291299998760223","0.85"
"MGAT5","6.65290021896362","0.261599987745285","0.13"
"MGAT5B","1.80350005626678","-0.375800013542175","0.15"
