"label","mRNA","methy","GNNExplainer"
"MGAT3","8.85890007019043","0.0252999998629093","0.88"
"MGAT4B","11.7385997772217","0.393299996852875","0.86"
"MGAT5","6.86100006103516","0.423599988222122","0.13"
"MGAT5B","2.16179990768433","-0.266299992799759","0.13"
