"label","mRNA","methy","GNNExplainer"
"MGAT3","11.7306003570557","-0.31920000910759","0.84"
"MGAT4B","11.3713998794556","0.275799989700317","0.87"
"MGAT5","5.97130012512207","0.400700002908707","0.14"
"MGAT5B","3.20659995079041","-9.99999974737875e-05","0.14"
