"label","mRNA","methy","GNNExplainer"
"MGAT3","10.0026998519897","-0.195700004696846","0.86"
"MGAT4B","11.4687995910645","0.367599993944168","0.86"
"MGAT5","7.72930002212524","0.425799995660782","0.13"
"MGAT5B","2.65459990501404","-0.204899996519089","0.13"
