"label","mRNA","methy","GNNExplainer"
"MGAT3","5.97830009460449","-0.0412000007927418","0.14"
"MGAT4B","11.6042003631592","-0.0760999992489815","0.14"
"MGAT5","7.47949981689453","0.284500002861023","0.16"
"MGAT5B","4.33349990844727","-0.0115999998524785","0.14"
