"label","mRNA","methy","GNNExplainer"
"MGAT3","8.55370044708252","-0.159400001168251","0.89"
"MGAT4B","10.9001998901367","0.365200012922287","0.86"
"MGAT5","8.08819961547852","0.444900006055832","0.15"
"MGAT5B","3.04999995231628","-0.223700001835823","0.15"
