"label","mRNA","methy","GNNExplainer"
"MGAT3","11.569899559021","-0.223600000143051","0.87"
"MGAT4B","11.4758996963501","0.398999989032745","0.88"
"MGAT5","8.08500003814697","0.449699997901917","0.15"
"MGAT5B","0.687699973583221","-0.23589999973774","0.14"
