"label","mRNA","methy","GNNExplainer"
"MGAT3","10.4849996566772","-0.195500001311302","0.85"
"MGAT4B","12.0016002655029","0.398499995470047","0.85"
"MGAT5","4.54710006713867","0.374300003051758","0.15"
"MGAT5B","2.5783998966217","-0.35359999537468","0.14"
