"label","mRNA","methy","GNNExplainer"
"MGAT3","8.24549961090088","0.113300003111362","0.9"
"MGAT4B","12.5620002746582","0.380299985408783","0.86"
"MGAT5","5.58699989318848","0.377700001001358","0.14"
"MGAT5B","0","-0.19930000603199","0.15"
