"label","mRNA","methy","GNNExplainer"
"MGAT3","9.31350040435791","-0.447400003671646","0.88"
"MGAT4B","11.8430995941162","0.411399990320206","0.86"
"MGAT5","8.36540031433105","0.374799996614456","0.14"
"MGAT5B","3.96289992332458","-0.40650001168251","0.13"
