"label","mRNA","methy","GNNExplainer"
"MGAT3","10.9029998779297","0.098800003528595","0.86"
"MGAT4B","11.9083003997803","0.417400002479553","0.86"
"MGAT5","5.96969985961914","0.44310000538826","0.13"
"MGAT5B","0.733900010585785","-0.145699992775917","0.15"
