"label","mRNA","methy","GNNExplainer"
"MGAT3","8.07559967041016","-0.378600001335144","0.89"
"MGAT4B","11.0502004623413","0.388300001621246","0.87"
"MGAT5","8.52359962463379","0.258899986743927","0.13"
"MGAT5B","3.3617000579834","-0.380400002002716","0.13"
