"label","mRNA","methy","GNNExplainer"
"MGAT3","8.89859962463379","-0.189999997615814","0.88"
"MGAT4B","10.8807001113892","0.419400006532669","0.87"
"MGAT5","9.42269992828369","0.333000004291534","0.15"
"MGAT5B","3.31579995155334","-0.369300007820129","0.14"
