"label","mRNA","methy","GNNExplainer"
"MGAT3","7.21780014038086","0.404100000858307","0.14"
"MGAT4B","11.9574003219604","0.391499996185303","0.14"
"MGAT5","7.90240001678467","0.357800006866455","0.16"
"MGAT5B","1.78770005702972","-0.257999986410141","0.15"
