"label","mRNA","methy","GNNExplainer"
"MGAT3","7.4798002243042","-0.099200002849102","0.13"
"MGAT4B","11.0972003936768","0.415300011634827","0.14"
"MGAT5","8.38099956512451","0.342999994754791","0.11"
"MGAT5B","3.37050008773804","-0.390199989080429","0.15"
