"label","mRNA","methy","GNNExplainer"
"MGAT3","6.81930017471313","0.0670000016689301","0.14"
"MGAT4B","12.621600151062","0.397399991750717","0.15"
"MGAT5","8.03629970550537","0.365000009536743","0.13"
"MGAT5B","2.55629992485046","-0.12389999628067","0.14"
