"label","mRNA","methy","GNNExplainer"
"MGAT3","8.54510021209717","0.347099989652634","0.91"
"MGAT4B","11.339599609375","0.332399994134903","0.81"
"MGAT5","4.90990018844604","0.370400011539459","0.13"
"MGAT5B","3.82879996299744","-0.330099999904633","0.14"
