"label","mRNA","methy","GNNExplainer"
"MGAT3","10.3818998336792","-0.342900007963181","0.86"
"MGAT4B","11.1325998306274","0.391600012779236","0.87"
"MGAT5","8.0806999206543","0.407799988985062","0.12"
"MGAT5B","4.478600025177","-0.365299999713898","0.15"
