"label","mRNA","methy","GNNExplainer"
"MGAT3","7.29869985580444","0.0817999988794327","0.15"
"MGAT4B","10.0490999221802","0.42399999499321","0.14"
"MGAT5","7.32250022888184","0.378600001335144","0.13"
"MGAT5B","3.20689988136292","-0.184599995613098","0.14"
