"label","mRNA","methy","GNNExplainer"
"MGAT3","4.19850015640259","0.293300002813339","0.14"
"MGAT4B","9.99769973754883","0.404000014066696","0.15"
"MGAT5","7.60629987716675","0.319599986076355","0.14"
"MGAT5B","3.65229988098145","-0.38400000333786","0.13"
