"label","mRNA","methy","GNNExplainer"
"MGAT3","8.80860042572021","-0.171599999070168","0.88"
"MGAT4B","10.9252004623413","0.372999995946884","0.87"
"MGAT5","7.31949996948242","0.354299992322922","0.16"
"MGAT5B","3.17490005493164","-0.320100009441376","0.15"
