"label","mRNA","methy","GNNExplainer"
"MGAT3","7.11399984359741","-0.433899998664856","0.9"
"MGAT4B","11.5859003067017","-0.0759000033140182","0.87"
"MGAT5","8.50370025634766","-0.260800004005432","0.14"
"MGAT5B","3.98939990997314","-0.00650000013411045","0.15"
