"label","mRNA","methy","GNNExplainer"
"MGAT3","6.88180017471313","-0.476700007915497","0.92"
"MGAT4B","11.2712001800537","-0.0452999994158745","0.78"
"MGAT5","8.78279972076416","0.231900006532669","0.16"
"MGAT5B","4.03730010986328","-0.292699992656708","0.12"
