"label","mRNA","methy","GNNExplainer"
"MGAT3","7.25220012664795","0.0886000022292137","0.14"
"MGAT4B","10.8670997619629","0.426699995994568","0.16"
"MGAT5","7.40220022201538","0.231000006198883","0.13"
"MGAT5B","3.34240007400513","-0.222200006246567","0.15"
